LUO_ZUP,C,100;IME_LOV,C,100;ID_LOV,N,4,0;SO_V_VZORC,N,4,2;ST_VZORCEV,N,5,2;POSILJAJO,N,4,2;VL,C,1
NOVOMEŠKO;VELIKI GABER;1;1;2;1;1
GORENJSKO;DOVJE;2;0;0;0;
POMURSKO;KRIŽEVCI v PREKMURJU;3;0;0;0;
NOVOMEŠKO;VELIKA LOKA;4;1;0;0;1
GORENJSKO;UDENBORŠT;5;0;0;0;
GORENJSKO;TRŽIČ;6;0;0;0;
GORENJSKO;STORŽIČ;7;0;0;0;
NOVOMEŠKO;PLEŠIVICA;8;1;5;1;1
NOVOMEŠKO;TREBNJE;9;1;1;1;1
NOVOMEŠKO;MIRNA;10;1;0;0;
NOVOMEŠKO;ŠENTRUPERT;11;1;0;0;
NOVOMEŠKO;ŠENTJANŽ;12;1;0;0;
NOVOMEŠKO;NOVO MESTO;13;1;2;1;1
NOVOMEŠKO;MIRNA PEČ;14;1;0;0;1
NOVOMEŠKO;TREBELNO;15;1;0;0;1
NOVOMEŠKO;MOKRONOG;16;1;0;0;
NOVOMEŠKO;TRŽIŠČE;17;1;0;0;1
NOVOMEŠKO;OTOČEC;18;1;0;0;1
NOVOMEŠKO;ŠKOCJAN;19;1;0;0;1
NOVOMEŠKO;TOPLICE;20;1;4;1;1
NOVOMEŠKO;PADEŽ;21;1;0;0;1
NOVOMEŠKO;GORJANCI;22;1;1;1;1
NOVOMEŠKO;BRUSNICE;23;1;0;0;1
NOVOMEŠKO;OREHOVICA;24;1;0;0;1
NOVOMEŠKO;ŠENTJERNEJ;25;1;0;0;1
GORENJSKO;KRANJSKA GORA;26;0;0;0;
GORENJSKO;JESENICE;27;0;0;0;
GORENJSKO;BLED;28;0;0;0;
GORENJSKO;STOL - ŽIROVNICA;29;0;0;0;
GORENJSKO;BEGUNJŠČICA;30;0;0;0;
GORENJSKO;JELOVICA;31;0;0;0;
GORENJSKO;KROPA;32;0;0;0;
GORENJSKO;STARA FUŽINA;33;0;0;0;
GORENJSKO;BOHINJSKA BISTRICA;34;0;0;0;
GORENJSKO;NOMENJ - GORJUŠE;35;0;0;0;
GORENJSKO;SORICA;36;0;0;0;
GORENJSKO;ŽELEZNIKI;37;0;0;0;
GORENJSKO;SELCA;38;0;0;0;
GORENJSKO;JOŠT - KRANJ;39;0;0;0;
GORENJSKO;DOBRČA;40;0;0;0;
GORENJSKO;LPN KOZOROG KAMNIK;41;0;0;0;
GORENJSKO;JEZERSKO;42;0;0;0;
GORENJSKO;ŠENČUR;43;0;0;0;
GORENJSKO;KRVAVEC;44;0;0;0;
KOČEVSKO - BELOKRANJSKO;OSILNICA;45;1;24;1;1
GORENJSKO;KOMENDA;46;0;0;0;
GORENJSKO;VODICE;47;0;0;0;
KOČEVSKO - BELOKRANJSKO;LPN MEDVED;48;1;17;1;
GORENJSKO;MENGEŠ;49;0;0;0;
NOTRANJSKO;KOZLEK;50;1;17;1;1
NOTRANJSKO;ZEMON;51;1;0;0;
PRIMORSKO;FAJTI HRIB;52;1;0;0;
GORENJSKO;PŠATA;53;0;0;0;
PRIMORSKO;GABERK - DIVAČA;54;1;3;1;1
PRIMORSKO;SENOŽEČE;55;1;1;1;1
PRIMORSKO;VIDEŽ - KOZINA;56;1;0;0;
PRIMORSKO;TIMAV - VREME;57;1;0;0;
GORENJSKO;ŠMARNA GORA;58;0;0;0;
PRIMORSKO;MAREZIGE;59;0;0;0;
PRIMORSKO;DEKANI;60;1;0;0;
PRIMORSKO;KOPER;61;0;0;0;
PRIMORSKO;ŠMARJE;62;0;0;0;
PRIMORSKO;IZOLA;63;0;0;0;
PRIMORSKO;STRUNJAN;64;0;0;0;
GORENJSKO;TOŠKO ČELO;65;0;0;0;
POHORSKO;JAMNICA;66;0;0;0;
GORENJSKO;MEDVODE;67;0;0;0;
POMURSKO;CANKOVA;68;0;0;0;
GORENJSKO;DOBROVA;69;0;0;0;
GORENJSKO;POLHOV GRADEC;70;0;0;0;
GORENJSKO;HORJUL;71;0;0;0;
GORENJSKO;ŠENTJOŠT;72;0;0;0;
GORENJSKO;SORŠKO POLJE;73;0;0;0;
GORENJSKO;KRIŽNA GORA;74;0;0;0;
GORENJSKO;ŠKOFJA LOKA;75;0;0;0;
GORENJSKO;POLJANE;76;0;0;0;
GORENJSKO;GORENJA VAS;77;0;0;0;
GORENJSKO;ŽIRI;78;0;0;0;
GORENJSKO;SOVODENJ;79;0;0;0;
KOČEVSKO - BELOKRANJSKO;GROSUPLJE;80;1;0;0;1
KOČEVSKO - BELOKRANJSKO;KRKA;81;1;0;0;
KOČEVSKO - BELOKRANJSKO;DOBREPOLJE;82;1;10;1;1
KOČEVSKO - BELOKRANJSKO;SUHA KRAJINA;83;1;8;1;1
KOČEVSKO - BELOKRANJSKO;TURJAK;84;1;2;1;1
KOČEVSKO - BELOKRANJSKO;VELIKE LAŠČE;85;1;7;1;1
KOČEVSKO - BELOKRANJSKO;VELIKE POLJANE;86;1;5;1;1
GORENJSKO;LPN BRDO pri KRANJU;87;0;0;0;
KOČEVSKO - BELOKRANJSKO;SODRAŽICA;88;1;0;0;1
KOČEVSKO - BELOKRANJSKO;LOŠKI POTOK;89;1;0;1;1
KOČEVSKO - BELOKRANJSKO;RIBNICA;90;1;10;1;1
KOČEVSKO - BELOKRANJSKO;DOLENJA VAS;91;1;4;1;1
KOČEVSKO - BELOKRANJSKO;STRUGE;92;1;0;1;
KOČEVSKO - BELOKRANJSKO;KOČEVJE;93;1;18;1;1
KOČEVSKO - BELOKRANJSKO;MALA GORA;94;1;0;1;
KOČEVSKO - BELOKRANJSKO;LAZINA;95;1;9;1;1
KOČEVSKO - BELOKRANJSKO;DRAGA;96;1;0;1;
KOČEVSKO - BELOKRANJSKO;BANJA LOKA - KOSTEL;97;1;21;1;1
KOČEVSKO - BELOKRANJSKO;PREDGRAD;98;1;4;1;1
KOČEVSKO - BELOKRANJSKO;SINJI VRH;99;1;0;0;
KOČEVSKO - BELOKRANJSKO;DRAGATUŠ;100;1;1;1;1
KOČEVSKO - BELOKRANJSKO;VINICA;101;1;0;0;
KOČEVSKO - BELOKRANJSKO;LOKA;102;1;0;0;
KOČEVSKO - BELOKRANJSKO;ADLEŠIČI;103;1;0;0;1
KOČEVSKO - BELOKRANJSKO;SMUK - SEMIČ;104;1;0;0;
KOČEVSKO - BELOKRANJSKO;ČRNOMELJ;105;1;9;1;1
KOČEVSKO - BELOKRANJSKO;METLIKA;106;1;0;0;
KOČEVSKO - BELOKRANJSKO;GRADAC;107;1;0;0;1
KOČEVSKO - BELOKRANJSKO;SUHOR;108;1;0;0;
KOČEVSKO - BELOKRANJSKO;LPN SNEŽNIK KOČEVSKA REKA;109;1;0;0;
KOČEVSKO - BELOKRANJSKO;LPN ŽITNA GORA;110;1;4;1;
NOTRANJSKO;BREZOVICA;111;1;4;1;
NOTRANJSKO;LPN LJUBLJANSKI VRH;112;1;2;1;
NOTRANJSKO;BOROVNICA;113;1;0;0;1
NOTRANJSKO;RAKITNA;114;1;1;1;1
NOTRANJSKO;TOMIŠELJ;115;1;4;1;1
NOTRANJSKO;RAKOVNIK - ŠKOFLJICA;116;1;1;1;1
NOTRANJSKO;RAKEK;117;1;0;0;
NOTRANJSKO;BEGUNJE;118;1;13;1;1
NOTRANJSKO;CAJNARJE;119;1;8;1;1
NOTRANJSKO;ŽILCE;120;1;8;1;1
NOTRANJSKO;MOKRC;121;1;2;1;1
NOTRANJSKO;JAVORNIK;122;1;10;1;1
NOTRANJSKO;IG;123;1;0;1;
NOTRANJSKO;GRAHOVO;124;1;28;1;1
NOTRANJSKO;NOVA VAS;125;1;23;1;1
NOTRANJSKO;PRESTRANEK;126;1;31;1;1
NOTRANJSKO;CERKNICA;127;1;22;1;1
NOTRANJSKO;GORNJE JEZERO;128;1;20;1;1
NOTRANJSKO;LOŽ - STARI TRG;129;1;49;1;1
NOTRANJSKO;PIVKA;130;1;0;0;
NOTRANJSKO;IGA VAS;131;1;45;1;1
NOTRANJSKO;BABNO POLJE;132;1;0;1;
NOTRANJSKO;LPN JELEN;133;1;88;1;
NOTRANJSKO;TABOR ZAGORJE;134;1;42;1;1
NOTRANJSKO;TRNOVO;135;1;0;0;
PRIMORSKO;TRSTELJ - KOSTANJEVICA;136;0;0;0;
PRIMORSKO;TABOR - DORNBERK;137;1;0;0;
PRIMORSKO;JEZERO - KOMEN;138;0;0;0;
PRIMORSKO;BRJE - ERZELJ;139;1;0;0;
PRIMORSKO;DOLCE - KOMEN;140;1;0;0;
PRIMORSKO;ŠTANJEL;141;1;0;0;
PRIMORSKO;KRAS - DUTOVLJE;142;1;0;0;
PRIMORSKO;VRHE - VRABČE;143;1;0;0;1
PRIMORSKO;RAŠA - ŠTORJE;144;1;1;1;1
PRIMORSKO;TABOR SEŽANA;145;1;0;0;
PRIMORSKO;GRADIŠČE - KOŠANA;146;1;11;1;1
PRIMORSKO;PREM;147;1;0;1;
PRIMORSKO;BUKOVCA;148;1;0;0;
PRIMORSKO;BRKINI;149;1;16;1;1
PRIMORSKO;ŽABNIK - OBROV;150;1;0;0;
PRIMORSKO;SLAVNIK - MATERIJA;151;1;0;0;
PRIMORSKO;KOJNIK - PODGORJE;152;1;0;0;
PRIMORSKO;RIŽANA;153;1;0;0;
PRIMORSKO;ISTRA - GRAČIŠČE;154;1;0;0;
POHORSKO;KOPRIVNA;155;0;0;0;
POHORSKO;BISTRA;156;0;0;0;
POHORSKO;PECA;157;0;0;0;
POHORSKO;PODGORJE;158;0;0;0;
POHORSKO;SLOVENJ GRADEC;159;0;0;0;
POHORSKO;PREŽIHOVO;160;0;0;0;
POHORSKO;STROJNA;161;0;0;0;
POHORSKO;LIBELIČE;162;0;0;0;
POHORSKO;BUKOVJE;163;0;0;0;
POHORSKO;GRADIŠČE;164;0;0;0;
POHORSKO;GOLAVABUKA;165;0;0;0;
POHORSKO;MISLINJA;166;0;0;0;
POHORSKO;DOLIČ;167;0;0;0;
POHORSKO;LPN POHORJE;168;0;0;0;
POHORSKO;ZELENI VRH;169;0;0;0;
POHORSKO;DRAVOGRAD;170;0;0;0;
POHORSKO;RADLJE;171;0;0;0;
POHORSKO;ORLICA;172;0;0;0;
POHORSKO;JANŽEV VRH;173;0;0;0;
POHORSKO;MUTA;174;0;0;0;
POHORSKO;REMŠNIK;175;0;0;0;
POHORSKO;PODVELKA;176;0;0;0;
POHORSKO;KAPLA;177;0;0;0;
POHORSKO;PUŠČAVA;178;0;0;0;
POHORSKO;VURMAT;179;0;0;0;
POHORSKO;BOČ na KOZJAKU;180;0;0;0;
POHORSKO;GAJ nad MARIBOROM;181;0;0;0;
POHORSKO;RUŠE;182;0;0;0;
POHORSKO;RADVANJE;183;0;0;0;
POHORSKO;HOČE;184;0;0;0;
POHORSKO;FRAM;185;0;0;0;
POHORSKO;SLOVENSKA BISTRICA;186;0;0;0;
POHORSKO;OPLOTNICA;187;0;0;0;
POHORSKO;ZREČE;188;0;0;0;
POSAVSKO;LOKA pri ZIDANEM MOSTU;189;0;0;0;
POSAVSKO;BOŠTANJ;190;0;0;0;
POSAVSKO;SEVNICA;191;0;0;0;
POSAVSKO;ZABUKOVJE;192;0;0;0;
POHORSKO;ŠMARTNO na POHORJU;193;0;0;0;
POSAVSKO;STUDENEC - VELIKI TRN;194;0;0;0;
POSAVSKO;BRESTANICA;195;0;0;0;
POSAVSKO;BUČKA;196;0;0;0;
POSAVSKO;SENOVO;197;0;0;0;
POSAVSKO;VELIKI KAMEN;198;0;0;0;
POSAVSKO;RAKA;199;0;0;0;
POSAVSKO;VIDEM ob SAVI;200;0;0;0;
POSAVSKO;ARTIČE;201;0;0;0;
POSAVSKO;PIŠECE;202;0;0;0;
POSAVSKO;BIZELJSKO;203;0;0;0;
POSAVSKO;GLOBOKO;204;0;0;0;
POSAVSKO;KRŠKO;205;0;0;0;
POSAVSKO;KAPELE;206;0;0;0;
POSAVSKO;BREŽICE;207;0;0;0;
POSAVSKO;DOBOVA;208;0;0;0;
POSAVSKO;MOKRICE;209;0;0;0;
POSAVSKO;CERKLJE ob KRKI;210;0;0;0;
POSAVSKO;ČATEŽ ob SAVI;211;0;0;0;
POSAVSKO;VELIKI PODLOG;212;0;0;0;
POSAVSKO;KOSTANJEVICA na KRKI;213;0;0;0;
POMURSKO;APAČE;214;0;0;0;
POMURSKO;GORNJA RADGONA;215;0;0;0;
POMURSKO;NEGOVA;216;0;0;0;
POSAVSKO;PODBOČJE;217;0;0;0;
POMURSKO;VIDEM ob ŠČAVNICI;218;0;0;0;
POMURSKO;RADENCI;219;0;0;0;
POMURSKO;KRIŽEVCI pri LJUTOMERU;220;0;0;0;
POMURSKO;LJUTOMER;221;0;0;0;
POMURSKO;MALA NEDELJA;222;0;0;0;
POMURSKO;ROGAŠOVCI;223;0;0;0;
POMURSKO;PEČAROVCI;224;0;0;0;
POMURSKO;GRAD - KUZMA;225;0;0;0;
POMURSKO;LPN KOMPAS PESKOVCI;226;0;0;0;
POMURSKO;RADOVCI;227;0;0;0;
POMURSKO;DOLINA;228;0;0;0;
POMURSKO;IVANOVCI;229;0;0;0;
POMURSKO;PROSENJAKOVCI;230;0;0;0;
POMURSKO;RANKOVCI;231;0;0;0;
POMURSKO;BREZOVCI;232;0;0;0;
POMURSKO;TIŠINA;233;0;0;0;
POMURSKO;MURSKA SOBOTA;234;0;0;0;
POMURSKO;MLAJTINCI;235;0;0;0;
POMURSKO;MORAVCI;236;0;0;0;
POMURSKO;BOGOJINA;237;0;0;0;
POMURSKO;DOBROVNIK;238;0;0;0;
POMURSKO;LPN FAZAN BELTINCI;239;0;0;0;
POMURSKO;KOBILJE;240;0;0;0;
POMURSKO;BAKOVCI - LIPOVCI;241;0;0;0;
POMURSKO;PETIŠOVCI;242;0;0;0;
POMURSKO;VELIKA POLANA;243;0;0;0;
POMURSKO;LENDAVA;244;0;0;0;
SAVINJSKO - KOZJANSKO;ŠKALE;245;0;0;0;
SAVINJSKO - KOZJANSKO;OLJKA;246;0;0;0;
SAVINJSKO - KOZJANSKO;VELENJE;247;0;0;0;
SAVINJSKO - KOZJANSKO;POLZELA;248;0;0;0;
SAVINJSKO - KOZJANSKO;VITANJE;249;0;0;0;
SAVINJSKO - KOZJANSKO;ŽALEC;250;0;0;0;
SAVINJSKO - KOZJANSKO;DOBRNA;251;0;0;0;
SAVINJSKO - KOZJANSKO;VOJNIK;252;0;0;0;
SAVINJSKO - KOZJANSKO;SLOVENSKE KONJICE;253;0;0;0;
SAVINJSKO - KOZJANSKO;LOČE;254;0;0;0;
SAVINJSKO - KOZJANSKO;PONIKVA;255;0;0;0;
SAVINJSKO - KOZJANSKO;KAJUH - ŠMARTNO;256;0;0;0;
SAVINJSKO - KOZJANSKO;GRMADA - CELJE;257;0;0;0;
SAVINJSKO - KOZJANSKO;HUM - CELJE;258;0;0;0;
SAVINJSKO - KOZJANSKO;GOZDNIK - GRIŽE;259;0;0;0;
SAVINJSKO - KOZJANSKO;BOJANSKO - ŠTORE;260;0;0;0;
SAVINJSKO - KOZJANSKO;ŠENTJUR pri CELJU;261;0;0;0;
SAVINJSKO - KOZJANSKO;LOG ŠENTVID;262;0;0;0;
SAVINJSKO - KOZJANSKO;ŠMARJE pri JELŠAH;263;0;0;0;
SAVINJSKO - KOZJANSKO;PRISTAVA;264;0;0;0;
SAVINJSKO - KOZJANSKO;LOKA pri ŽUSMU;265;0;0;0;
SAVINJSKO - KOZJANSKO;JURKLOŠTER;266;0;0;0;
SAVINJSKO - KOZJANSKO;HANDIL - DOBJE;267;0;0;0;
SAVINJSKO - KOZJANSKO;KOZJE;268;0;0;0;
SAVINJSKO - KOZJANSKO;BOHOR - PLANINA;269;0;0;0;
SAVINJSKO - KOZJANSKO;PODČETRTEK;270;0;0;0;
SAVINJSKO - KOZJANSKO;BISTRICA ob SOTLI;271;0;0;0;
SAVINJSKO - KOZJANSKO;PODSREDA;272;0;0;0;
SLOVENSKO - GORIŠKO;KUNGOTA;273;0;0;0;
SLOVENSKO - GORIŠKO;ŠENTILJ v SLOVENSKIH GORICAH;274;0;0;0;
SLOVENSKO GORIŠKO;PALOMA - SLADKI VRH;275;0;0;0;
SLOVENSKO - GORIŠKO;KAMNICA;276;0;0;0;
SLOVENSKO GORIŠKO;KOŠAKI - MALEČNIK;277;0;0;0;
SLOVENSKO - GORIŠKO;PESNICA - JARENINA;278;0;0;0;
SLOVENSKO GORIŠKO;JAKOB;279;0;0;0;
SLOVENSKO GORIŠKO;SVETA ANA;280;0;0;0;
SLOVENSKO GORIŠKO;VELKA;281;0;0;0;
SLOVENSKO GORIŠKO;SVETI JURIJ - JUROVSKI DOL;282;0;0;0;
SLOVENSKO GORIŠKO;LENART v SLOVENSKIH GORICAH;283;0;0;0;
SLOVENSKO GORIŠKO;BENEDIKT;284;0;0;0;
SLOVENSKO GORIŠKO;DOBRAVA v SLOVENSKIH GORICAH;285;0;0;0;
SLOVENSKO GORIŠKO;PERNICA;286;0;0;0;
SLOVENSKO GORIŠKO;VOLIČINA;287;0;0;0;
SLOVENSKO GORIŠKO;DUPLEK;288;0;0;0;
SLOVENSKO GORIŠKO;POBREŽJE;289;0;0;0;
PTUJSKO - ORMOŠKO;JURŠINCI;290;0;0;0;
SLOVENSKO GORIŠKO;STARŠE;291;0;0;0;
SAVINJSKO - KOZJANSKO;PREBOLD;292;0;0;0;
SLOVENSKO GORIŠKO;RAČE;293;0;0;0;
TRIGLAVSKO;LOG pod MANGRTOM;294;0;0;0;
TRIGLAVSKO;BOVEC;295;0;0;0;
SAVINJSKO - KOZJANSKO;TABOR;296;0;0;0;
SLOVENSKO GORIŠKO;POLSKAVA;297;0;0;0;
SLOVENSKO GORIŠKO;LAPORJE;298;0;0;0;
TRIGLAVSKO;KOBARID;299;0;0;0;
TRIGLAVSKO;ČEZSOČA;300;0;0;0;
TRIGLAVSKO;TOLMIN;301;0;0;0;
SAVINJSKO - KOZJANSKO;REČICA pri LAŠKEM;302;0;0;0;
SAVINJSKO - KOZJANSKO;LAŠKO;303;0;0;0;
TRIGLAVSKO;DREŽNICA;304;0;0;0;
TRIGLAVSKO;SMAST;305;0;0;0;
TRIGLAVSKO;LJUBINJ;306;0;0;0;
TRIGLAVSKO;PODBRDO;307;0;0;0;
TRIGLAVSKO;VOLČE;308;0;0;0;
TRIGLAVSKO;LPN PRODI RAZOR;309;0;0;0;
TRIGLAVSKO;POREZEN;310;0;0;0;
ZAHODNO VISOKO KRAŠKO;KANAL;311;1;0;0;
TRIGLAVSKO;PLANOTA;312;0;0;0;
ZAHODNO VISOKO KRAŠKO;DOBROVO;313;1;0;0;
ZAHODNO VISOKO KRAŠKO;SABOTIN;314;1;0;0;
ZAHODNO VISOKO KRAŠKO;ANHOVO;315;1;0;0;1
TRIGLAVSKO;OTAVNIK;316;0;0;0;
ZAHODNO VISOKO KRAŠKO;MOST na SOČI;317;1;0;0;
ZAHODNO VISOKO KRAŠKO;GRGAR;318;1;0;0;1
ZAHODNO VISOKO KRAŠKO;GORICA;319;1;0;0;1
ZAHODNO VISOKO KRAŠKO;LIJAK;320;1;0;0;1
ZAHODNO VISOKO KRAŠKO;TRNOVSKI GOZD;321;1;1;1;1
ZAHODNO VISOKO KRAŠKO;ČEPOVAN;322;1;0;0;1
ZAHODNO VISOKO KRAŠKO;TREBUŠA;323;1;0;0;
ZAHODNO VISOKO KRAŠKO;ČAVEN;324;1;0;0;1
ZAHODNO VISOKO KRAŠKO;HUBELJ;325;1;0;0;
ZAHODNO VISOKO KRAŠKO;JAVORNIK;326;1;6;1;1
ZAHODNO VISOKO KRAŠKO;DOLE;327;1;5;1;1
ZAHODNO VISOKO KRAŠKO;KOZJE STENA;328;1;0;0;1
SLOVENSKO GORIŠKO;ČREŠNJEVEC;329;0;0;0;
ZAHODNO VISOKO KRAŠKO;VIPAVA;330;1;0;0;
ZAHODNO VISOKO KRAŠKO;ČRNA JAMA;331;1;0;0;
ZAHODNO VISOKO KRAŠKO;BUKOVJE;332;1;0;0;1
ZAHODNO VISOKO KRAŠKO;PLANINA;333;1;4;1;1
ZAHODNO VISOKO KRAŠKO;LOGATEC;334;1;2;1;1
ZAHODNO VISOKO KRAŠKO;COL;335;1;4;1;1
ZAHODNO VISOKO KRAŠKO;VOJKOVO;336;1;0;0;1
ZAHODNO VISOKO KRAŠKO;VRHNIKA;337;1;1;1;1
ZAHODNO VISOKO KRAŠKO;HRENOVICE;338;1;0;0;1
ZAHODNO VISOKO KRAŠKO;HOTEDRŠICA;339;1;7;1;1
ZAHODNO VISOKO KRAŠKO;ROVTE;340;1;0;0;1
ZASAVSKO;PUGLED;341;0;0;0;
ZASAVSKO;LAZE;342;0;0;0;
ZASAVSKO;KRESNICE;343;0;0;0;
ZASAVSKO;IZLAKE;344;0;0;0;
ZASAVSKO;MORAVČE;345;0;0;0;
ZASAVSKO;VAČE;346;0;0;0;
ZASAVSKO;MLINŠE;347;0;0;0;
ZASAVSKO;ČEMŠENIK;348;0;0;0;
ZASAVSKO;ŠENTLAMBERT;349;0;0;0;
PTUJSKO - ORMOŠKO;MARKOVCI;350;0;0;0;
ZASAVSKO;ZAGORJE;351;0;0;0;
ZASAVSKO;TRBOVLJE;352;0;0;0;
ZASAVSKO;VIŠNJA GORA;353;0;0;0;
ZASAVSKO;HRASTNIK;354;0;0;0;
ZASAVSKO;DOBOVEC;355;0;0;0;
ZASAVSKO;ŠMARTNO pri LITIJI;356;0;0;0;
ZASAVSKO;LITIJA;357;0;0;0;
ZASAVSKO;DOL pri HRASTNIKU;358;0;0;0;
ZASAVSKO;IVANČNA GORICA;359;0;0;0;
ZASAVSKO;ŠENTVID pri STIČNI;360;0;0;0;
ZASAVSKO;RADEČE;361;0;0;0;
KAMNIŠKO - SAVINJSKO;SOLČAVA;362;0;0;0;
KAMNIŠKO - SAVINJSKO;LUČE;363;0;0;0;
ZASAVSKO;POLŠNIK;364;0;0;0;
ZASAVSKO;GABROVKA;365;0;0;0;
ZASAVSKO;DOLE pri LITIJI;366;0;0;0;
KAMNIŠKO - SAVINJSKO;SMREKOVEC;367;0;0;0;
KAMNIŠKO - SAVINJSKO;VELUNJA ŠOŠTANJ;368;0;0;0;
KAMNIŠKO - SAVINJSKO;GORNJI GRAD;369;0;0;0;
KAMNIŠKO - SAVINJSKO;DRETA NAZARJE;370;0;0;0;
ZASAVSKO;PODKUM;371;0;0;0;
KAMNIŠKO - SAVINJSKO;VRANSKO;372;0;0;0;
KAMNIŠKO - SAVINJSKO;STAHOVICA;373;0;0;0;
KAMNIŠKO - SAVINJSKO;KAMNIK;374;0;0;0;
KAMNIŠKO - SAVINJSKO;LJUBNO;375;0;0;0;
KAMNIŠKO - SAVINJSKO;REČICA ob SAVINJI;376;0;0;0;
KAMNIŠKO - SAVINJSKO;MOZIRJE;377;0;0;0;
KAMNIŠKO - SAVINJSKO;DOMŽALE;378;0;0;0;
KAMNIŠKO - SAVINJSKO;LUKOVICA;379;0;0;0;
KAMNIŠKO - SAVINJSKO;BRASLOVČE;380;0;0;0;
KAMNIŠKO - SAVINJSKO;SELA pri KAMNIKU;381;0;0;0;
KAMNIŠKO - SAVINJSKO;TUHINJ;382;0;0;0;
KAMNIŠKO - SAVINJSKO;MOTNIK - ŠPITALIČ;383;0;0;0;
SAVINJSKO - KOZJANSKO;DRAMLJE;384;0;0;0;
PTUJSKO - ORMOŠKO;CIRKOVCE;385;0;0;0;
KAMNIŠKO - SAVINJSKO;TROJANE - OŽBOLT;386;0;0;0;
PTUJSKO - ORMOŠKO;TRNOVSKA VAS;387;0;0;0;
PTUJSKO - ORMOŠKO;VITOMARCI;388;0;0;0;
PTUJSKO - ORMOŠKO;DESTRNIK;389;0;0;0;
PTUJSKO - ORMOŠKO;TOMAŽ pri ORMOĹľU;390;0;0;0;
PTUJSKO - ORMOŠKO;IVANJKOVCI;391;0;0;0;
PTUJSKO - ORMOŠKO;KOG - VINSKI VRHOVI;392;0;0;0;
PTUJSKO - ORMOŠKO;SREDIŠČE;393;0;0;0;
PTUJSKO - ORMOŠKO;ORMOŽ;394;0;0;0;
PTUJSKO - ORMOŠKO;VELIKA NEDELJA;395;0;0;0;
PTUJSKO - ORMOŠKO;BRESNICA - PODGORCI;396;0;0;0;
PTUJSKO - ORMOŠKO;DRAVINJA - MAJŠPERK;397;0;0;0;
PTUJSKO - ORMOŠKO;DORNAVA - POLENŠAK;398;0;0;0;
PTUJSKO - ORMOŠKO;SVETA MARJETA niĹľje PTUJA;399;0;0;0;
SLOVENSKO GORIŠKO;CIGONCA;400;0;0;0;
PTUJSKO - ORMOŠKO;ZAVRČ;401;0;0;0;
PTUJSKO - ORMOŠKO;ROGATEC;402;0;0;0;
PTUJSKO - ORMOŠKO;ROGAŠKA SLATINA;403;0;0;0;
ZAHODNO VISOKO KRAŠKO;NANOS;404;1;2;1;1
PTUJSKO - ORMOŠKO;CIRKULANE;405;0;0;0;
PTUJSKO - ORMOŠKO;JOŽE LACKO - PTUJ;406;0;0;0;
TRIGLAVSKO;LPN TRIGLAV;407;0;0;0;
TRIGLAVSKO;SOČA;408;0;0;0;
PTUJSKO - ORMOŠKO;BORIS KIDRIČ;409;0;0;0;
PTUJSKO - ORMOŠKO;PTUJ;410;0;0;0;
PTUJSKO - ORMOŠKO;LESKOVEC v HALOZAH;411;0;0;0;
PTUJSKO - ORMOŠKO;PODLEHNIK;412;0;0;0;
PTUJSKO - ORMOŠKO;MAKOLE;413;0;0;0;
PTUJSKO - ORMOŠKO;STOPERCE;414;0;0;0;
PTUJSKO - ORMOŠKO;ŽETALE;415;0;0;0;
PTUJSKO - ORMOŠKO;POLJČANE;416;0;0;0;
PTUJSKO - ORMOŠKO;BOČ;417;0;0;0;
NOVOMEŠKO;DOBRNIČ;418;1;0;0;1
KOČEVSKO - BELOKRANJSKO;TABORSKA JAMA;419;1;0;0;
POHORSKO;POGOREVC;420;0;0;0;
ZAHODNO VISOKO KRAŠKO;KREKOVŠE;421;1;4;1;1
ZAHODNO VISOKO KRAŠKO;IDRIJA;422;1;3;1;1
ZAHODNO VISOKO KRAŠKO;JELENK;423;1;2;1;1
Primorsko-goranska;LIBURNIJA;424;0;0;0;
Karlovačka;MALA JAVORNICA;425;0;0;0;
Karlovačka;DEBELI VRH;426;0;0;0;
Karlovačka;CRNI VRH;427;0;0;0;
Karlovačka;VELIKA KAPE A;428;0;0;0;
Karlovačka;SKRADSKA GORA;429;0;0;0;
Karlovačka;POKUPSKI BAZEN;430;0;0;0;
Karlovačka;PERJASIČKA KOSA;431;0;0;0;
Karlovačka;ŠUMBAR;432;0;0;0;
Karlovačka;MALA KAPELA I;433;0;0;0;
Karlovačka;KRPEL;434;0;0;0;
Karlovačka;KLEK;435;0;0;0;
Primorsko-goranska;RIČIĆKO BILO;436;0;0;0;
Karlovačka;CRNA DRAGA;437;0;0;0;
Karlovačka;KRIVI JAVOR I;438;0;0;0;
Primorsko-goranska;DOBRA;439;0;0;0;
Primorsko-goranska;ZEČA;440;0;0;0;
Primorsko-goranska;ZAVRŠJE;441;0;0;0;
Primorsko-goranska;UČKA;442;0;0;0;
Primorsko-goranska;SVETI GRGUR;443;0;0;0;
Primorsko-goranska;SNJEŽNIK;444;0;0;0;
Primorsko-goranska;SMREKOVA DRAGA;445;0;0;0;
Primorsko-goranska;RISNJAK;446;0;0;0;
Karlovačka;KREMEŠNICA;447;0;0;0;
Primorsko-goranska;PUNAT;448;0;0;0;
Primorsko-goranska;PLAVNIK;449;0;0;0;
Primorsko-goranska;PLANINA;450;0;0;0;
Primorsko-goranska;LOKVE;451;0;0;0;
Primorsko-goranska;LITORIĆ;452;0;0;0;
Karlovačka;CETINGRAD;453;0;0;0;
Karlovačka;VELIKO BRDO;454;0;0;0;
Primorsko-goranska;KUPJAČKI VRH;455;0;0;0;
Primorsko-goranska;KRMPOTE - LEDENICE;456;0;0;0;
Primorsko-goranska;KOŠUTNJAK;457;0;0;0;
Karlovačka;PETROVA GORA;458;0;0;0;
Primorsko-goranska;KASTAVSKA ŠUMA;459;0;0;0;
Primorsko-goranska;KALIFRONT;460;0;0;0;
Primorsko-goranska;GOLI OTOK;461;0;0;0;
Primorsko-goranska;DOLIN;462;0;0;0;
Primorsko-goranska;CETIN - GLOŽAC;463;0;0;0;
Primorsko-goranska;BJELOLASICA;464;0;0;0;
Primorsko-goranska;BAŠKA;465;0;0;0;
Karlovačka;EUGEN KVATERNIK;466;0;0;0;
Karlovačka;DRAGANIĆI;467;0;0;0;
Karlovačka;BUKOVAČA;468;0;0;0;
Karlovačka;BABINA GORA;469;0;0;0;
Karlovačka;BRŠLJANOVICA;470;0;0;0;
Zagrebačka;BUKOVAC - NOVAKUŠA;471;0;0;0;
Zagrebačka;ČESMA - BOLČANSKI LUG;472;0;0;0;
Zagrebačka;ČRNOVŠČAK;473;0;0;0;
Zagrebačka;VUKŠINAC;474;0;0;0;
Zagrebačka;ŽUMBERAČKA GORA;475;0;0;0;
Zagrebačka;OKIČKI LUG;476;0;0;0;
Zagrebačka;SOPOT;477;0;0;0;
Zagrebačka;PISAROVINSKI RIBNJACI;478;0;0;0;
Zagrebačka;MARČA;479;0;0;0;
Zagrebačka;ŽUTICA;480;0;0;0;
Zagrebačka;STUPNIČKI LUG;481;0;0;0;
Zagrebačka;ŠILJAKOVAČKA DUBRAVA;482;0;0;0;
Zagrebačka;TUROPOLJSKI LUG 1;483;0;0;0;
Zagrebačka;TUROPOLJSKI LUG 2;484;0;0;0;
Krapinsko-zagorska;MACELJ;485;0;0;0;
Sisačko-moslavačka;BELČIĆEV GAJ;486;0;0;0;
Sisačko-moslavačka;BREZOVICA;487;0;0;0;1
Sisačko-moslavačka;BUKOVA GREDA;488;0;0;0;
Sisačko-moslavačka;CRNČINA I;489;0;0;0;
Sisačko-moslavačka;DUBRAVA;490;0;0;0;
Sisačko-moslavačka;GREDE KAMARE;491;0;0;0;
Sisačko-moslavačka;GUŠĆE;492;0;0;0;
Sisačko-moslavačka;JAMARIČKO BRDO;493;0;0;0;
Sisačko-moslavačka;KALJE;494;0;0;0;
Sisačko-moslavačka;KLJUKA;495;0;0;0;
Sisačko-moslavačka;KOTAR ŠUMA;496;0;0;0;
Sisačko-moslavačka;LIPOVICA;497;0;0;0;
Sisačko-moslavačka;LIPOVLJANI;498;0;0;0;
Sisačko-moslavačka;LONJA;499;0;0;0;
Sisačko-moslavačka;MAJDAN I;500;0;0;0;
Sisačko-moslavačka;NOVSKO BRDO;501;0;0;0;
Sisačko-moslavačka;OPEKE I;502;0;0;0;
Sisačko-moslavačka;ORLOVA;503;0;0;0;
Sisačko-moslavačka;POPOV GAJ;504;0;0;0;
Sisačko-moslavačka;POSAVSKE ŠUME;505;0;0;0;
Sisačko-moslavačka;PROLOM;506;0;0;0;
Sisačko-moslavačka;ZRINSKA GORA I;507;0;0;0;
Sisačko-moslavačka;ŠAŠNA GREDA;508;0;0;0;
Sisačko-moslavačka;TRSTIKA;509;0;0;0;
Sisačko-moslavačka;VIŠNJIČKI BOK;510;0;0;0;
Sisačko-moslavačka;CRNČINA II;511;0;0;0;
Sisačko-moslavačka;MAJDAN II;512;0;0;0;
Sisačko-moslavačka;OPEKE II;513;0;0;0;
Sisačko-moslavačka;ZRINSKA GORA II;514;0;0;0;
Varaždinska;TRAKOŠČAN;515;0;0;0;
Varaždinska;KALNIK;516;0;0;0;
Koprivničko-križevačka;DUGAČKO BRDO;517;0;0;0;
Koprivničko-križevačka;ĐURĐEVAČKA BILOGORA;518;0;0;0;
Koprivničko-križevačka;MESARICA - PLAVO;519;0;0;0;
Koprivničko-križevačka;NOVIGRADSKA PLANINA;520;0;0;0;
Koprivničko-križevačka;PESKI;521;0;0;0;
Koprivničko-križevačka;POLUM;522;0;0;0;
Koprivničko-križevačka;REPAŠ;523;0;0;0;
Koprivničko-križevačka;SVIBOVICA;524;0;0;0;
Koprivničko-križevačka;ORSAGOVICA;525;0;0;0;
Bjelovarsko-bilogorska;BLATNICA;526;0;0;0;
Bjelovarsko-bilogorska;BJELOVARSKA BILOGORA;527;0;0;0;
Bjelovarsko-bilogorska;DUGAČKI GAJ;528;0;0;0;
Bjelovarsko-bilogorska;GARJEVICA;529;0;0;0;
Bjelovarsko-bilogorska;GRADINA - KRNJAČA;530;0;0;0;
Bjelovarsko-bilogorska;JASENOVA;531;0;0;0;
Bjelovarsko-bilogorska;JAVORNIK;532;0;0;0;
Bjelovarsko-bilogorska;KONČANICA;533;0;0;0;
Bjelovarsko-bilogorska;OBROVI;534;0;0;0;
Bjelovarsko-bilogorska;NARTA;535;0;0;0;
Bjelovarsko-bilogorska;PISANIČKA BILOGORA;536;0;0;0;
Bjelovarsko-bilogorska;SISČANI;537;0;0;0;
Bjelovarsko-bilogorska;VIROVITIČKA BILOGORA;538;0;0;0;
Bjelovarsko-bilogorska;VRANI KAMEN;539;0;0;0;
Bjelovarsko-bilogorska;ZAPADNA GARJEVICA;540;0;0;0;
Bjelovarsko-bilogorska;ZDENAČKI GAJ;541;0;0;0;
Bjelovarsko-bilogorska;ŽABLJAČKI LUG - ČESMA;542;0;0;0;
Bjelovarsko-bilogorska;TRUPINSKI - PAŠIJANSKI GAJ;543;0;0;0;
Bjelovarsko-bilogorska;VELIKI JANTAK;544;0;0;0;
Bjelovarsko-bilogorska;KRIVAJA;545;0;0;0;
Bjelovarsko-bilogorska;GAREŠNICA;546;0;0;0;
Ličko-senjska;ANTINOVICA;547;0;0;0;
Ličko-senjska;GOLO TRLO;548;0;0;0;
Ličko-senjska;BOK - VELIKI VRH;549;0;0;0;
Ličko-senjska;CRNO JEZERO;550;0;0;0;
Ličko-senjska;GODAČA;551;0;0;0;
Ličko-senjska;JABLANAC;552;0;0;0;
Ličko-senjska;KREKOVAČA;553;0;0;0;
Ličko-senjska;KRIVI JAVOR II;554;0;0;0;
Ličko-senjska;LUKOVO ŠUGARJE;555;0;0;0;
Ličko-senjska;RAMINO KORITO;556;0;0;0;
Ličko-senjska;RISOVAC;557;0;0;0;
Ličko-senjska;SENJ;558;0;0;0;
Ličko-senjska;SJEVERNI VELEBIT;559;0;0;0;
Ličko-senjska;ŠKRDA;560;0;0;0;
Ličko-senjska;BEGOVAČA;561;0;0;0;
Ličko-senjska;SV. JURAJ;562;0;0;0;
Ličko-senjska;ŠKAMNICA;563;0;0;0;
Ličko-senjska;VELINAC;564;0;0;0;
Ličko-senjska;VELIKI VUJNOVAC;565;0;0;0;
Ličko-senjska;VIDOVAČA - MARINA GLAVA;566;0;0;0;
Ličko-senjska;VISOČICA;567;0;0;0;
Ličko-senjska;VREBAC;568;0;0;0;
Ličko-senjska;BITORAJ;569;0;0;0;
Ličko-senjska;MRSINJ;570;0;0;0;
Ličko-senjska;PLJEŠIVICA;571;0;0;0;
Ličko-senjska;KRIVI JAVOR III;572;0;0;0;
Ličko-senjska;CRNA DULIBA - METLA;573;0;0;0;
Ličko-senjska;JADOVNO;574;0;0;0;
Ličko-senjska;SREDNJI VELEBIT;575;0;0;0;
Ličko-senjska;MALA KAPELA II;576;0;0;0;
Ličko-senjska;KARLOVIĆEVA KORITA;577;0;0;0;
Ličko-senjska;KREMEN;578;0;0;0;
Ličko-senjska;LISINA;579;0;0;0;
Ličko-senjska;LJUBOVO;580;0;0;0;
Ličko-senjska;MALI ALAN;581;0;0;0;
Ličko-senjska;VRH JELOVI;582;0;0;0;
Virovitičko-podravska;BANOV BROD;583;0;0;0;
Virovitičko-podravska;ĆERALIJE;584;0;0;0;
Virovitičko-podravska;GAJ - KOTLINE;585;0;0;0;
Virovitičko-podravska;JANKOVAC;586;0;0;0;
Virovitičko-podravska;JASENOVAČA;587;0;0;0;
Virovitičko-podravska;KUPRES - BILOGORA;588;0;0;0;
Virovitičko-podravska;ORAHOVAČKA PLANINA;589;0;0;0;
Virovitičko-podravska;PAPUK;590;0;0;0;
Virovitičko-podravska;SLATINSKO PRIGORJE;591;0;0;0;
Virovitičko-podravska;SUHOPOLJSKA BILOGORA;592;0;0;0;
Virovitičko-podravska;VOĆIN;593;0;0;0;
Virovitičko-podravska;GRUDNJAK;594;0;0;0;
Virovitičko-podravska;ČAĐAVIČKI LUG - SASTAVCI;595;0;0;0;
Požeško-slavonska;ISTOČNI PSUNJ;596;0;0;0;
Požeško-slavonska;JUŽNA KRNDIJA I;597;0;0;0;
Požeško-slavonska;JUŽNA KRNDIJA II;598;0;0;0;
Požeško-slavonska;JUŽNA KRNDIJA III;599;0;0;0;
Požeško-slavonska;JUŽNI PAPUK I;600;0;0;0;
Požeško-slavonska;JUŽNI PAPUK II;601;0;0;0;
Požeško-slavonska;JUŽNI PAPUK III;602;0;0;0;
Požeško-slavonska;PAKRAČKA POLJANA;603;0;0;0;
Požeško-slavonska;LJESKOVICA;604;0;0;0;
Požeško-slavonska;PAPUK - KRNDIJA;605;0;0;0;
Požeško-slavonska;POŽEŠKA GORA;606;0;0;0;
Požeško-slavonska;SJEVERNA BABJA GORA I;607;0;0;0;
Požeško-slavonska;SJEVERNA BABJA GORA II;608;0;0;0;
Požeško-slavonska;SJEVERNA BABJA GORA III;609;0;0;0;
Požeško-slavonska;SJEVERNI DILJ;610;0;0;0;
Požeško-slavonska;ZAPADNI PAPUK;611;0;0;0;
Požeško-slavonska;ZVEČEVO;612;0;0;0;
Požeško-slavonska;BLATUŠKO BRDO;613;0;0;0;
Požeško-slavonska;JUŽNA BABJA GORA IIb;614;0;0;0;
Brodsko-posavska;BRODSKI RIBNJACI - NOVI RIBNJAK JELAS;615;0;0;0;
Brodsko-posavska;SLOBOŠTINA;616;0;0;0;
Brodsko-posavska;GRADIŠKA BRDA;617;0;0;0;
Brodsko-posavska;JUŽNA BABJA GORA Ia;618;0;0;0;
Brodsko-posavska;JUŽNA BABJA GORA IIa;619;0;0;0;
Brodsko-posavska;KRNAD;620;0;0;0;
Brodsko-posavska;MEĐUSTRUGOVI;621;0;0;0;
Brodsko-posavska;MIGALOVCI;622;0;0;0;
Brodsko-posavska;MLADA VODICA - PUAVICE;623;0;0;0;
Brodsko-posavska;OKUČANSKA BRDA I;624;0;0;0;
Brodsko-posavska;OKUČANSKA BRDA II;625;0;0;0;
Brodsko-posavska;PODLOŽJE - KLJUČEVI;626;0;0;0;
Brodsko-posavska;PSUNJ;627;0;0;0;
Brodsko-posavska;RADINJE;628;0;0;0;
Brodsko-posavska;BRODSKI RIBNJACI - STARI RIBNJAK JELAS;629;0;0;0;
Brodsko-posavska;JUŽNA BABJA GORA Ib;630;0;0;0;
Zadarska;BONASTAR;631;0;0;0;
Zadarska;DUGI OTOK;632;0;0;0;
Zadarska;JELOVI TAVANI;633;0;0;0;
Zadarska;JUŽNI VELEBIT;634;0;0;0;
Zadarska;KOKIRNA - MILA LJUT;635;0;0;0;
Zadarska;KRUŠEVO - ORLJAK;636;0;0;0;
Zadarska;MASLOVARA;637;0;0;0;
Zadarska;MAZINSKA PLANINA;638;0;0;0;
Zadarska;BOKANJAČKO BLATO;639;0;0;0;
Zadarska;PAŠMAN - ZAGLAV;640;0;0;0;
Zadarska;POLJICA;641;0;0;0;
Zadarska;RAŽANAC;642;0;0;0;
Zadarska;RODALJICE - LISIČIĆ;643;0;0;0;
Zadarska;STANKOVCI;644;0;0;0;
Zadarska;STARIGRAD PAKLENICA;645;0;0;0;
Zadarska;SVETO BRDO;646;0;0;0;
Zadarska;TUN;647;0;0;0;
Zadarska;TUSTICA;648;0;0;0;
Zadarska;VRANA;649;0;0;0;
Zadarska;JAGODNJA D. - CRLJEN;650;0;0;0;
Zadarska;ZAPUNTEL;651;0;0;0;
Osječko-baranjska;BREZNICA;652;0;0;0;
Osječko-baranjska;LACIĆ - GLOŽĐE;653;0;0;0;
Osječko-baranjska;HALJEVO;654;0;0;0;
Osječko-baranjska;KARAŠ;655;0;0;0;
Osječko-baranjska;KOHA - KOZARAC;656;0;0;0;
Osječko-baranjska;KUJNJAK;657;0;0;0;
Osječko-baranjska;PODUNAVLJE - PODRAVLJE;658;0;0;0;
Osječko-baranjska;MUNJOROŠ;659;0;0;0;
Osječko-baranjska;ŠARKANJ - VRBLJE;660;0;0;0;
Osječko-baranjska;TOMIN HRAST;661;0;0;0;
Osječko-baranjska;MIHOLJAC;662;0;0;0;
Osječko-baranjska;ĐURĐENICA;663;0;0;0;
Osječko-baranjska;KAPELAČKI LUG;664;0;0;0;
Osječko-baranjska;JELAS - ĐOL;665;0;0;0;
Osječko-baranjska;MILINAC;666;0;0;0;
Osječko-baranjska;POPOVAC - KRSTOVI;667;0;0;0;
Osječko-baranjska;PODRAVLJE;668;0;0;0;
Osječko-baranjska;BUDIGOŠĆE;669;0;0;0;
Osječko-baranjska;KRNDIJA I;670;0;0;0;
Osječko-baranjska;KRNDIJA II;671;0;0;0;
Osječko-baranjska;KRNDIJA III;672;0;0;0;
Osječko-baranjska;NAŠIČKA BREZNICA;673;0;0;0;
Osječko-baranjska;BRATILJEVCI - SJEVERNI DILJ;674;0;0;0;
Šibensko-kninska;MOSEĆ I;675;0;0;0;
Šibensko-kninska;OŠTRICA;676;0;0;0;
Šibensko-kninska;PROMINA;677;0;0;0;
Šibensko-kninska;SVILAJA I;678;0;0;0;
Šibensko-kninska;TRTAR;679;0;0;0;
Šibensko-kninska;DINARA;680;0;0;0;
Šibensko-kninska;KOZJAK - POLAČA;681;0;0;0;
Šibensko-kninska;PLAVNO;682;0;0;0;
Šibensko-kninska;RAPE - ZRMANJA;683;0;0;0;
Vukovarsko-srijemska;DUGO CERJE - ČESTA - VOĆIN;684;0;0;0;
Vukovarsko-srijemska;BOK;685;0;0;0;
Vukovarsko-srijemska;DIONICA;686;0;0;0;
Vukovarsko-srijemska;DUBRAVE;687;0;0;0;
Vukovarsko-srijemska;GRABARJE - LUŠČIĆ;688;0;0;0;
Vukovarsko-srijemska;JELAŠ;689;0;0;0;
Vukovarsko-srijemska;KUNJEVCI;690;0;0;0;
Vukovarsko-srijemska;MEROLINO;691;0;0;0;
Vukovarsko-srijemska;NADIŠEVCI;692;0;0;0;
Vukovarsko-srijemska;SPAČVA;693;0;0;0;
Vukovarsko-srijemska;STARI RAĐENOVCI;694;0;0;0;
Vukovarsko-srijemska;TRIZLOVI - RASTOVO;695;0;0;0;
Vukovarsko-srijemska;DURGUTOVICA I;696;0;0;0;
Vukovarsko-srijemska;VRAPČANA;697;0;0;0;
Vukovarsko-srijemska;TOPOLA;698;0;0;0;
Vukovarsko-srijemska;BANOV DOL;699;0;0;0;
Vukovarsko-srijemska;ČUNJEVCI;700;0;0;0;
Vukovarsko-srijemska;DESIĆEVO;701;0;0;0;
Vukovarsko-srijemska;TROMEĐA;702;0;0;0;
Vukovarsko-srijemska;DURGUTOVICA II;703;0;0;0;
Splitsko-dalmatinska;BIOKOVO;704;0;0;0;
Splitsko-dalmatinska;BOROVAČA;705;0;0;0;
Splitsko-dalmatinska;DINARA - CRVENE GREDE;706;0;0;0;
Splitsko-dalmatinska;KAMEŠNICA;707;0;0;0;
Splitsko-dalmatinska;KOZJAK;708;0;0;0;
Splitsko-dalmatinska;MAGLAJ - CISTA;709;0;0;0;
Splitsko-dalmatinska;MATOKIT - VRGORAC;710;0;0;0;
Splitsko-dalmatinska;MOSEĆ II;711;0;0;0;
Splitsko-dalmatinska;MOSOR;712;0;0;0;
Splitsko-dalmatinska;OMIŠKA DINARA;713;0;0;0;
Splitsko-dalmatinska;OSOJE;714;0;0;0;
Splitsko-dalmatinska;PELEGRIN;715;0;0;0;
Splitsko-dalmatinska;SVILAJA II;716;0;0;0;
Splitsko-dalmatinska;ŠĆEDRO;717;0;0;0;
Splitsko-dalmatinska;ŠIBENIK - VRGORAC;718;0;0;0;
Splitsko-dalmatinska;VIDOVA GORA;719;0;0;0;
Splitsko-dalmatinska;VISOKA PLEŠIVICA;720;0;0;0;
Splitsko-dalmatinska;VRDOVO;721;0;0;0;
Splitsko-dalmatinska;VUČJA DUBRAVA;722;0;0;0;
Splitsko-dalmatinska;TOVARNICA - JELINAK;723;0;0;0;
Splitsko-dalmatinska;KOPRŠNICA - TIJARICA;724;0;0;0;
Splitsko-dalmatinska;RILIĆ - BAĆINSKA JEZERA;725;0;0;0;
Istarska;BARBARIGA;726;0;0;0;
Istarska;BUDAVA;727;0;0;0;
Istarska;ČEPIĆKO POLJE;728;0;0;0;
Istarska;DONJA MIRNA;729;0;0;0;
Istarska;LIM;730;0;0;0;
Istarska;MAJ;731;0;0;0;
Istarska;PLOMINSKA GORA;732;0;0;0;
Istarska;RAŠA;733;0;0;0;
Istarska;UBAŠ;734;0;0;0;
Dubrovačko-neretvanska;JAKLJAN;735;0;0;0;
Dubrovačko-neretvanska;MALA ŽABA (METKOVIĆ);736;0;0;0;
Dubrovačko-neretvanska;MRČARA - PREŽBA;737;0;0;0;
Dubrovačko-neretvanska;PRIMORJE;738;0;0;0;
Dubrovačko-neretvanska;RUJNICA;739;0;0;0;
Dubrovačko-neretvanska;SLIVNO (METKOVIĆ);740;0;0;0;
Dubrovačko-neretvanska;STRIŽEVO;741;0;0;0;
Dubrovačko-neretvanska;SVETI ILIJA - OREBIĆ;742;0;0;0;
Dubrovačko-neretvanska;ŠAKNJA RAT;743;0;0;0;
Dubrovačko-neretvanska;ZAGORJE;744;0;0;0;
Međimurska;DUBRAVA;745;0;0;0;
Grad Zagreb;OBREŠKI LUG;746;0;0;0;
Požeško-slavonska;Psunj;747;0;0;0;
Primorsko-goranska;"""ex. Osor""";748;0;0;0;
Primorsko-goranska;"""ex. Belej""";749;0;0;0;
Grad Zagreb;Horvati;750;0;0;0;
Grad Zagreb;Čučerje;751;0;0;0;
Grad Zagreb;Vugrovec;752;0;0;0;
Grad Zagreb;Belovar - Moravče;753;0;0;0;
Grad Zagreb;Šašinovec;754;0;0;0;
Grad Zagreb;Sesvetski Kraljevec;755;0;0;0;
Grad Zagreb;Žitnjak;756;0;0;0;
Grad Zagreb;Dragonožec;757;0;0;0;
Grad Zagreb;Sveta Klara;758;0;0;0;
Grad Zagreb;Brezovica - Kupinečki Kraljevec;759;0;0;0;
Grad Zagreb;Ježdovec - Stupnik;760;0;0;0;
Dubrovačko-neretvanska;Potomje;761;0;0;0;
Dubrovačko-neretvanska;Trpanj;762;0;0;0;
Dubrovačko-neretvanska;Ploče;763;0;0;0;
Dubrovačko-neretvanska;Prolog - Dubrave;764;0;0;0;
Dubrovačko-neretvanska;Norin;765;0;0;0;
Dubrovačko-neretvanska;Metković;766;0;0;0;
Dubrovačko-neretvanska;Opuzen;767;0;0;0;
Dubrovačko-neretvanska;Ston;768;0;0;0;
Dubrovačko-neretvanska;Kuna;769;0;0;0;
Dubrovačko-neretvanska;Pelisac;770;0;0;0;
Dubrovačko-neretvanska;Korčula;771;0;0;0;
Dubrovačko-neretvanska;Smokvica;772;0;0;0;
Dubrovačko-neretvanska;Blato;773;0;0;0;
Dubrovačko-neretvanska;Vela luka;774;0;0;0;
Dubrovačko-neretvanska;Lastovo;775;0;0;0;
Dubrovačko-neretvanska;Mljet;776;0;0;0;
Dubrovačko-neretvanska;Elafiti;777;0;0;0;
Dubrovačko-neretvanska;Rudine;778;0;0;0;
Dubrovačko-neretvanska;Slano;779;0;0;0;
Dubrovačko-neretvanska;Dubrava;780;0;0;0;
Dubrovačko-neretvanska;Župa dubrovačka;781;0;0;0;
Dubrovačko-neretvanska;Konavle;782;0;0;0;
Splitsko-dalmatinska;Hvar;783;0;0;0;
Splitsko-dalmatinska;Brač;784;0;0;0;
Splitsko-dalmatinska;Podmosorje;785;0;0;0;
Splitsko-dalmatinska;Baška voda;786;0;0;0;
Splitsko-dalmatinska;Makarska;787;0;0;0;
Splitsko-dalmatinska;Podgora;788;0;0;0;
Splitsko-dalmatinska;Drvenik - Gradac;789;0;0;0;
Splitsko-dalmatinska;Kozica;790;0;0;0;
Splitsko-dalmatinska;Zavojane - Dragljane;791;0;0;0;
Splitsko-dalmatinska;Vrgoračko jezero;792;0;0;0;
Splitsko-dalmatinska;Vrgorački rastok;793;0;0;0;
Splitsko-dalmatinska;Poljica - Raščane;794;0;0;0;
Splitsko-dalmatinska;Runović;795;0;0;0;
Splitsko-dalmatinska;Zmijavci;796;0;0;0;
Splitsko-dalmatinska;Imotski;797;0;0;0;
Splitsko-dalmatinska;Proložac;798;0;0;0;
Splitsko-dalmatinska;Šeminovac;799;0;0;0;
Splitsko-dalmatinska;Zagvozd;800;0;0;0;
Splitsko-dalmatinska;Žeževica - Grabovac;801;0;0;0;
Splitsko-dalmatinska;Lovreć - Studenci;802;0;0;0;
Splitsko-dalmatinska;Cista;803;0;0;0;
Splitsko-dalmatinska;Kreševnica;804;0;0;0;
Splitsko-dalmatinska;Trilj;805;0;0;0;
Splitsko-dalmatinska;Sinj;806;0;0;0;
Splitsko-dalmatinska;Peruča;807;0;0;0;
Splitsko-dalmatinska;Vrlika;808;0;0;0;
Splitsko-dalmatinska;Ogorje;809;0;0;0;
Zagrebačka;Bolč;810;0;0;0;
Splitsko-dalmatinska;Muć;811;0;0;0;
Splitsko-dalmatinska;Dicmo;812;0;0;0;
Splitsko-dalmatinska;Zamosorje;813;0;0;0;
Splitsko-dalmatinska;Dugopolje;814;0;0;0;
Splitsko-dalmatinska;Klis;815;0;0;0;
Splitsko-dalmatinska;Dugobabe - Bročanac;816;0;0;0;
Splitsko-dalmatinska;Ljubeč;817;0;0;0;
Splitsko-dalmatinska;Biluš;818;0;0;0;
Splitsko-dalmatinska;Trištenica;819;0;0;0;
Splitsko-dalmatinska;Vilaja;820;0;0;0;
Splitsko-dalmatinska;Kaštela;821;0;0;0;
Splitsko-dalmatinska;Trogir;822;0;0;0;
Splitsko-dalmatinska;Marina;823;0;0;0;
Splitsko-dalmatinska;Sevid - Vinišće;824;0;0;0;
Splitsko-dalmatinska;Čiovo;825;0;0;0;
Splitsko-dalmatinska;Veli i Mali Drvenik;826;0;0;0;
Splitsko-dalmatinska;Šolta;827;0;0;0;
Splitsko-dalmatinska;Vis;828;0;0;0;
Splitsko-dalmatinska;Biševo i Sv. Andrija;829;0;0;0;
Vukovarsko-srijemska;Lipice;830;0;0;0;
Vukovarsko-srijemska;Ugljara;831;0;0;0;
Vukovarsko-srijemska;Šiškovka;832;0;0;0;
Vukovarsko-srijemska;Vidraš;833;0;0;0;
Vukovarsko-srijemska;Svetinje;834;0;0;0;
Vukovarsko-srijemska;Miljac;835;0;0;0;
Vukovarsko-srijemska;Almaš;836;0;0;0;
Vukovarsko-srijemska;Revenica;837;0;0;0;
Vukovarsko-srijemska;Panjik;838;0;0;0;
Vukovarsko-srijemska;Međe;839;0;0;0;
Vukovarsko-srijemska;Gradac;840;0;0;0;
Vukovarsko-srijemska;Pasjak;841;0;0;0;
Vukovarsko-srijemska;Brestovo;842;0;0;0;
Vukovarsko-srijemska;Travnjak;843;0;0;0;
Vukovarsko-srijemska;Ravna;844;0;0;0;
Vukovarsko-srijemska;Borinci;845;0;0;0;
Vukovarsko-srijemska;Jordan;846;0;0;0;
Sisačko-moslavačka;Burdelj;847;0;0;0;
Sisačko-moslavačka;Letovanički lug;848;0;0;0;
Sisačko-moslavačka;Golo brdo;849;0;0;0;
Sisačko-moslavačka;Odransko polje;850;0;0;0;
Sisačko-moslavačka;Posavlje gornje desno;851;0;0;0;
Sisačko-moslavačka;Posavlje gornje lijevo;852;0;0;0;
Sisačko-moslavačka;Ludina;853;0;0;0;
Sisačko-moslavačka;Popovača;854;0;0;0;
Sisačko-moslavačka;Voloder;855;0;0;0;
Sisačko-moslavačka;Ciglenica;856;0;0;0;
Sisačko-moslavačka;Kutina;857;0;0;0;
Sisačko-moslavačka;Gojlo;858;0;0;0;
Sisačko-moslavačka;Lipovljani;859;0;0;0;
Sisačko-moslavačka;Međurić;860;0;0;0;
Sisačko-moslavačka;Muratovica;861;0;0;0;
Sisačko-moslavačka;Rajić;862;0;0;0;
Sisačko-moslavačka;Jasenovac;863;0;0;0;
Sisačko-moslavačka;Puska;864;0;0;0;
Sisačko-moslavačka;Piškornjač;865;0;0;0;
Sisačko-moslavačka;Hrvatska Kostajnica;866;0;0;0;
Sisačko-moslavačka;Sunja;867;0;0;0;
Sisačko-moslavačka;Staza;868;0;0;0;
Sisačko-moslavačka;Hrvatska Dubica;869;0;0;0;
Sisačko-moslavačka;Divuša;870;0;0;0;
Sisačko-moslavačka;Grmušani;871;0;0;0;
Sisačko-moslavačka;Hrvatski Čuntić;872;0;0;0;
Sisačko-moslavačka;Petrinja;873;0;0;0;
Sisačko-moslavačka;Gora;874;0;0;0;
Sisačko-moslavačka;Glinsko Novo Selo;875;0;0;0;
Sisačko-moslavačka;Maja;876;0;0;0;
Sisačko-moslavačka;Glina I;877;0;0;0;
Sisačko-moslavačka;Glina II;878;0;0;0;
Sisačko-moslavačka;Stankovac;879;0;0;0;
Sisačko-moslavačka;Bučica;880;0;0;0;
Sisačko-moslavačka;Lasinja;881;0;0;0;
Sisačko-moslavačka;Gvozd;882;0;0;0;
Sisačko-moslavačka;Topusko;883;0;0;0;
Karlovačka;Ozalj;884;0;0;0;
Karlovačka;Jaškovo;885;0;0;0;
Karlovačka;Ribnik;886;0;0;0;
Karlovačka;Žakanje;887;0;0;0;
Karlovačka;Vivodina;888;0;0;0;
Karlovačka;Vrhovac;889;0;0;0;
Karlovačka;Draganić;890;0;0;0;
Karlovačka;Brusnik;891;0;0;0;
Karlovačka;Pokupje;892;0;0;0;
Karlovačka;Dubovac;893;0;0;0;
Karlovačka;Orlovac;894;0;0;0;
Karlovačka;Rečica;895;0;0;0;
Karlovačka;Šišljavić;896;0;0;0;
Karlovačka;Karlovac;897;0;0;0;
Karlovačka;Skakavac;898;0;0;0;
Karlovačka;Banski Kovačevac;899;0;0;0;
Karlovačka;Tušilović;900;0;0;0;
Karlovačka;Skrad;901;0;0;0;
Karlovačka;Krnjak;902;0;0;0;
Karlovačka;Netretić;903;0;0;0;
Karlovačka;Prilišće;904;0;0;0;
Karlovačka;Duga Resa;905;0;0;0;
Karlovačka;Družac;906;0;0;0;
Karlovačka;Ravno;907;0;0;0;
Karlovačka;Bosiljevo;908;0;0;0;
Karlovačka;Zvečaj;909;0;0;0;
Karlovačka;Belaj;910;0;0;0;
Karlovačka;Brezetinac;911;0;0;0;
Karlovačka;Generalski stol;912;0;0;0;
Karlovačka;Bosiljevac;913;0;0;0;
Karlovačka;Perjasica;914;0;0;0;
Karlovačka;Međuvođe;915;0;0;0;
Karlovačka;Zalije;916;0;0;0;
Karlovačka;Veljun;917;0;0;0;
Karlovačka;Drežnica;918;0;0;0;
Karlovačka;Trojvrh;919;0;0;0;
Karlovačka;Janja gora;920;0;0;0;
Karlovačka;Blagaj;921;0;0;0;
Karlovačka;Glina;922;0;0;0;
Karlovačka;Cvitović;923;0;0;0;
Karlovačka;Slunj;924;0;0;0;
Karlovačka;Primišlje;925;0;0;0;
Karlovačka;Batnoga;926;0;0;0;
Karlovačka;Cetingrad;927;0;0;0;
Karlovačka;Mašvina;928;0;0;0;
Karlovačka;Rakovica;929;0;0;0;
Karlovačka;Nova Kršlja;930;0;0;0;
Karlovačka;Grabovac;931;0;0;0;
Karlovačka;Drežnik grad;932;0;0;0;
Karlovačka;Kuplensko;933;0;0;0;
Karlovačka;Radatović;934;0;0;0;
Karlovačka;Vojnić;935;0;0;0;
Varaždinska;Cestica;936;0;0;0;
Varaždinska;Vinica;937;0;0;0;
Varaždinska;Zelendvor;938;0;0;0;
Varaždinska;Petrijanec;939;0;0;0;
Varaždinska;Varaždin;940;0;0;0;
Varaždinska;Bartolovec;941;0;0;0;
Varaždinska;Martijanec;942;0;0;0;
Varaždinska;Sveti Đurđ;943;0;0;0;
Varaždinska;Veliki Bukovec;944;0;0;0;
Varaždinska;Mali Bukovec;945;0;0;0;
Varaždinska;Ludbreg;946;0;0;0;
Varaždinska;Jalžabet;947;0;0;0;
Varaždinska;Šaulovec;948;0;0;0;
Varaždinska;Maruševec;949;0;0;0;
Varaždinska;Voća;950;0;0;0;
Varaždinska;Klenovnik;951;0;0;0;
Varaždinska;Ravna gora;952;0;0;0;
Varaždinska;Bednja;953;0;0;0;
Varaždinska;Lepoglava;954;0;0;0;
Varaždinska;Ivanec;955;0;0;0;
Varaždinska;Margečan;956;0;0;0;
Varaždinska;Mađarevo;957;0;0;0;
Varaždinska;Novi Marof;958;0;0;0;
Varaždinska;Varaždinske toplice;959;0;0;0;
Varaždinska;Jalševec;960;0;0;0;
Varaždinska;Ljubešćica;961;0;0;0;
Varaždinska;Hum Breznički;962;0;0;0;
Varaždinska;Visoko;963;0;0;0;
Varaždinska;Breznica;964;0;0;0;
Varaždinska;Bisag;965;0;0;0;
Koprivničko-križevačka;Đurđevac 1;966;0;0;0;
Koprivničko-križevačka;Đurđevac 2;967;0;0;0;
Koprivničko-križevačka;Koprivnica 1;968;0;0;0;
Koprivničko-križevačka;Koprivnica 2;969;0;0;0;
Koprivničko-križevačka;Koprivnica 3;970;0;0;0;
Koprivničko-križevačka;Križevci;971;0;0;0;
Bjelovarsko-bilogorska;Rovišće - Velika;972;0;0;0;
Bjelovarsko-bilogorska;Rovišće - Konjska rijeka;973;0;0;0;
Bjelovarsko-bilogorska;Zrinski Topolovac - Ciganica;974;0;0;0;
Bjelovarsko-bilogorska;Mosti - Zdelja;975;0;0;0;
Bjelovarsko-bilogorska;Kapela - Bilogora;976;0;0;0;
Bjelovarsko-bilogorska;Bjelovar - Bedenik;977;0;0;0;
Bjelovarsko-bilogorska;Bjelovar - Plavnica;978;0;0;0;
Bjelovarsko-bilogorska;Trojstvo - Dobrovita;979;0;0;0;
Bjelovarsko-bilogorska;Bjelovar - Jasik;980;0;0;0;
Bjelovarsko-bilogorska;Bjelovacka;981;0;0;0;
Bjelovarsko-bilogorska;Ciglenska;982;0;0;0;
Bjelovarsko-bilogorska;Ravneška Kosa;983;0;0;0;
Bjelovarsko-bilogorska;Severinska;984;0;0;0;
Bjelovarsko-bilogorska;Dabravine;985;0;0;0;
Bjelovarsko-bilogorska;Gaj;986;0;0;0;
Bjelovarsko-bilogorska;Jasenova;987;0;0;0;
Bjelovarsko-bilogorska;Selište - Babinčić;988;0;0;0;
Bjelovarsko-bilogorska;Štefanje - Narta;989;0;0;0;
Bjelovarsko-bilogorska;Komuševački Lug - Bukovina;990;0;0;0;
Bjelovarsko-bilogorska;Cerik - Glogovnica;991;0;0;0;
Bjelovarsko-bilogorska;Čazma - Matatinka;992;0;0;0;
Bjelovarsko-bilogorska;Pijesak;993;0;0;0;
Bjelovarsko-bilogorska;Martinska;994;0;0;0;
Bjelovarsko-bilogorska;Berečka Kosa - Krivaja;995;0;0;0;
Bjelovarsko-bilogorska;Bršljanica - Rogoža;996;0;0;0;
Bjelovarsko-bilogorska;Zobikovac - Ilovski Lug;997;0;0;0;
Bjelovarsko-bilogorska;Mlinska;998;0;0;0;
Bjelovarsko-bilogorska;Petkovača - Međuvode;999;0;0;0;
Bjelovarsko-bilogorska;Radmenovača - Tomašica;1000;0;0;0;
Bjelovarsko-bilogorska;Grđevica - Kovačica;1001;0;0;0;
Bjelovarsko-bilogorska;Prespinjača - Barna;1002;0;0;0;
Bjelovarsko-bilogorska;Ivanovo selo - Ilova;1003;0;0;0;
Bjelovarsko-bilogorska;Zdenci - Šovarnica;1004;0;0;0;
Bjelovarsko-bilogorska;Dražica - Kosjerovica;1005;0;0;0;
Bjelovarsko-bilogorska;Končanica - Đurđička;1006;0;0;0;
Bjelovarsko-bilogorska;Donji Daruvar - Maminovac;1007;0;0;0;
Bjelovarsko-bilogorska;Bastaji - Krivaja;1008;0;0;0;
Bjelovarsko-bilogorska;Đulovac - Klista;1009;0;0;0;
Bjelovarsko-bilogorska;Daruvar - Dolovi;1010;0;0;0;
Bjelovarsko-bilogorska;Daruvar - Dabrovica;1011;0;0;0;
Bjelovarsko-bilogorska;Končanica - Toplica;1012;0;0;0;
Bjelovarsko-bilogorska;Dežanovac - Malo Bilo;1013;0;0;0;
Bjelovarsko-bilogorska;Uljanik - Čavlovica;1014;0;0;0;
Bjelovarsko-bilogorska;Poljodar - Sovjak;1015;0;0;0;
Primorsko-goranska;Krk;1016;0;0;0;
Primorsko-goranska;Rab;1017;0;0;0;
Primorsko-goranska;Ilovik;1018;0;0;0;
Primorsko-goranska;Veli Lošinj;1019;0;0;0;
Primorsko-goranska;Čunski kurila;1020;0;0;0;
Primorsko-goranska;Nerezine;1021;0;0;0;
Primorsko-goranska;Batajna-Hraste;1022;0;0;0;
Primorsko-goranska;Cres;1023;0;0;0;
Primorsko-goranska;Unije;1024;0;0;0;
Primorsko-goranska;Crna gora;1025;0;0;0;
Primorsko-goranska;Kupički vrh;1026;0;0;0;
Primorsko-goranska;Lič Fužine;1027;0;0;0;
Primorsko-goranska;Višnjevica;1028;0;0;0;
Primorsko-goranska;Mrkopalj;1029;0;0;0;
Primorsko-goranska;Petehovac;1030;0;0;0;
Primorsko-goranska;Kupa;1031;0;0;0;
Primorsko-goranska;Rudač II;1032;0;0;0;
Primorsko-goranska;Jelenski jarak;1033;0;0;0;
Primorsko-goranska;Lipov vrh;1034;0;0;0;
Primorsko-goranska;Permani-Matulji;1035;0;0;0;
Primorsko-goranska;Klana;1036;0;0;0;
Primorsko-goranska;Matulji-Matulji;1037;0;0;0;
Primorsko-goranska;Vinodol;1038;0;0;0;
Primorsko-goranska;Grobnik-Čavle;1039;0;0;0;
Primorsko-goranska;Krasica;1040;0;0;0;
Primorsko-goranska;Hreljin-Hreljin;1041;0;0;0;
Primorsko-goranska;Kastav-Kastav;1042;0;0;0;
Primorsko-goranska;Ponikve-Gradina;1043;0;0;0;
Primorsko-goranska;Dubračina;1044;0;0;0;
Primorsko-goranska;Tramuntana;1045;0;0;0;
Vukovarsko-srijemska;Dombok;1046;0;0;0;
Vukovarsko-srijemska;Grabik;1047;0;0;0;
Vukovarsko-srijemska;Cerić;1048;0;0;0;
Vukovarsko-srijemska;Asađ;1049;0;0;0;
Vukovarsko-srijemska;Šomođ;1050;0;0;0;
Vukovarsko-srijemska;Zverinjak;1051;0;0;0;
Vukovarsko-srijemska;Crepov dol;1052;0;0;0;
Vukovarsko-srijemska;Vučedol;1053;0;0;0;
Vukovarsko-srijemska;Vukovo Kordoš;1054;0;0;0;
Vukovarsko-srijemska;Badnjara;1055;0;0;0;
Vukovarsko-srijemska;Bajin dol;1056;0;0;0;
Vukovarsko-srijemska;Prima;1057;0;0;0;
Vukovarsko-srijemska;Žirište - Bililo;1058;0;0;0;
Vukovarsko-srijemska;Glazdol;1059;0;0;0;
Vukovarsko-srijemska;Bradarica;1060;0;0;0;
Vukovarsko-srijemska;Dubrava;1061;0;0;0;
Vukovarsko-srijemska;Gradina;1062;0;0;0;
Vukovarsko-srijemska;Dubovica;1063;0;0;0;
Vukovarsko-srijemska;Marikovo;1064;0;0;0;
Vukovarsko-srijemska;Vjerovi;1065;0;0;0;
Vukovarsko-srijemska;Stara Sela;1066;0;0;0;
Vukovarsko-srijemska;Sitnatovo;1067;0;0;0;
Vukovarsko-srijemska;Selište;1068;0;0;0;
Vukovarsko-srijemska;Ripača;1069;0;0;0;
Vukovarsko-srijemska;Rastovo;1070;0;0;0;
Vukovarsko-srijemska;Rastović;1071;0;0;0;
Vukovarsko-srijemska;Poloj;1072;0;0;0;
Vukovarsko-srijemska;Paovo;1073;0;0;0;
Vukovarsko-srijemska;Mašanj;1074;0;0;0;
Vukovarsko-srijemska;Ljeskovac;1075;0;0;0;
Vukovarsko-srijemska;Lovakovica;1076;0;0;0;
Vukovarsko-srijemska;Jelje;1077;0;0;0;
Vukovarsko-srijemska;Gaj;1078;0;0;0;
Vukovarsko-srijemska;Ervenica;1079;0;0;0;
Vukovarsko-srijemska;Drenova;1080;0;0;0;
Vukovarsko-srijemska;Brezovice;1081;0;0;0;
Brodsko-posavska;Dubovac;1082;0;0;0;
Brodsko-posavska;Gajevi;1083;0;0;0;
Brodsko-posavska;Šagulje;1084;0;0;0;
Brodsko-posavska;Klačinac;1085;0;0;0;
Brodsko-posavska;Gostinac;1086;0;0;0;
Brodsko-posavska;Posavina;1087;0;0;0;
Brodsko-posavska;Adžamovci;1088;0;0;0;
Brodsko-posavska;Graničar;1089;0;0;0;
Požeško-slavonska;Zapadni Papuk II;1090;0;0;0;
Požeško-slavonska;Poljanačke šume;1091;0;0;0;
Požeško-slavonska;Orljavac;1092;0;0;0;
Požeško-slavonska;Brestovac;1093;0;0;0;
Požeško-slavonska;Biškupci;1094;0;0;0;
Požeško-slavonska;Velika;1095;0;0;0;
Požeško-slavonska;Požega I;1096;0;0;0;
Požeško-slavonska;Kaptol;1097;0;0;0;
Požeško-slavonska;Požega II;1098;0;0;0;
Požeško-slavonska;Vetovo;1099;0;0;0;
Požeško-slavonska;Jakšić;1100;0;0;0;
Požeško-slavonska;Kutjevo;1101;0;0;0;
Požeško-slavonska;Sesvete;1102;0;0;0;
Požeško-slavonska;Buk;1103;0;0;0;
Požeško-slavonska;Bektež;1104;0;0;0;
Požeško-slavonska;Čaglin;1105;0;0;0;
Požeško-slavonska;Ruševo;1106;0;0;0;
Požeško-slavonska;Sovski dol;1107;0;0;0;
Požeško-slavonska;Bučje;1108;0;0;0;
Požeško-slavonska;Košuta;1109;0;0;0;
Požeško-slavonska;Fazan;1110;0;0;0;
Požeško-slavonska;Trokut;1111;0;0;0;
Požeško-slavonska;Slavuj;1112;0;0;0;
Primorsko-goranska;"""ex.(državno?) PUNTA KRIŽA""";1113;0;0;0;
Brodsko-posavska;Gundinci;1114;0;0;0;
Brodsko-posavska;Sikirevci;1115;0;0;0;
Brodsko-posavska;Velika Kopanica;1116;0;0;0;
Brodsko-posavska;Svilaj;1117;0;0;0;
Brodsko-posavska;Sredanci;1118;0;0;0;
Brodsko-posavska;Vrpolje;1119;0;0;0;
Brodsko-posavska;Garčin;1120;0;0;0;
Brodsko-posavska;Jelas;1121;0;0;0;
Brodsko-posavska;Vranovci;1122;0;0;0;
Brodsko-posavska;Podcrkavlje;1123;0;0;0;
Brodsko-posavska;Sibinj;1124;0;0;0;
Brodsko-posavska;Oriovac;1125;0;0;0;
Brodsko-posavska;Banovci;1126;0;0;0;
Brodsko-posavska;Slavonski Kobaš;1127;0;0;0;
Brodsko-posavska;Fođače;1128;0;0;0;
Brodsko-posavska;Britnjevača-Ravnjaš;1129;0;0;0;
Brodsko-posavska;Ježevik-Cerje;1130;0;0;0;
Zagrebačka;Zaprešić;1131;0;0;0;
Zagrebačka;Jablanovec;1132;0;0;0;
Zagrebačka;Bistra;1133;0;0;0;
Zagrebačka;Jakovlje;1134;0;0;0;
Zagrebačka;Luka;1135;0;0;0;
Zagrebačka;Dubravica;1136;0;0;0;
Zagrebačka;Pušća;1137;0;0;0;
Zagrebačka;Brdovečko Prigorje;1138;0;0;0;
Zagrebačka;Svetonedeljsko - Samoborsko polje;1139;0;0;0;
Zagrebačka;Molvička šuma-Svetonedeljski breg;1140;0;0;0;
Zagrebačka;Samoborska gora;1141;0;0;0;
Zagrebačka;Brezova Gorica - Lipovac;1142;0;0;0;
Zagrebačka;Boljara - Gradina;1143;0;0;0;
Zagrebačka;Pogana jama - Slapnica;1144;0;0;0;
Zagrebačka;Bukovica - Krašić;1145;0;0;0;
Zagrebačka;Bukovica - Močvarski breg;1146;0;0;0;
Zagrebačka;Glavice;1147;0;0;0;
Zagrebačka;Sveta Jana;1148;0;0;0;
Zagrebačka;Plešivica;1149;0;0;0;
Zagrebačka;Okić;1150;0;0;0;
Zagrebačka;Cvetković;1151;0;0;0;
Zagrebačka;Jastrebarsko;1152;0;0;0;
Zagrebačka;Zdenčina - Kupinec;1153;0;0;0;
Zagrebačka;Bratina;1154;0;0;0;
Zagrebačka;Pisarovina-Jamnica;1155;0;0;0;
Zagrebačka;Kupčinsko polje;1156;0;0;0;
Zagrebačka;Jamnička Gorica;1157;0;0;0;
Zagrebačka;Pokupsko;1158;0;0;0;
Zagrebačka;Lukinić brdo;1159;0;0;0;
Zagrebačka;Dubranec;1160;0;0;0;
Zagrebačka;Ključić brdo;1161;0;0;0;
Zagrebačka;Kravarsko;1162;0;0;0;
Zagrebačka;Mraclin;1163;0;0;0;
Zagrebačka;Buševec;1164;0;0;0;
Zagrebačka;Vukovina;1165;0;0;0;
Zagrebačka;Velika Gorica;1166;0;0;0;
Zagrebačka;Donja Lomnica;1167;0;0;0;
Zagrebačka;Črnkovec;1168;0;0;0;
Zagrebačka;Novo Čiče;1169;0;0;0;
Zagrebačka;Orle;1170;0;0;0;
Zagrebačka;Martin breg;1171;0;0;0;
Zagrebačka;Kalištra;1172;0;0;0;
Zagrebačka;Lupoglavski Čret;1173;0;0;0;
Zagrebačka;Dugo polje - Loparnik;1174;0;0;0;
Zagrebačka;Črnec - Ježevečki Čret;1175;0;0;0;
Zagrebačka;Komine - Turentaks;1176;0;0;0;
Zagrebačka;Gornja Posavina;1177;0;0;0;
Zagrebačka;Bertovina Strmec;1178;0;0;0;
Zagrebačka;Šušak - Zelinska gora;1179;0;0;0;
Zagrebačka;Radoišće-Mokrica;1180;0;0;0;
Zagrebačka;Bedenica;1181;0;0;0;
Zagrebačka;Lonjica;1182;0;0;0;
Zagrebačka;Berek-Gusaki;1183;0;0;0;
Zagrebačka;Berek;1184;0;0;0;
Zagrebačka;Orao;1185;0;0;0;
Zagrebačka;Presečki gaj;1186;0;0;0;
Zagrebačka;Čret;1187;0;0;0;
Zagrebačka;Mokrice;1188;0;0;0;
Zagrebačka;Čret-Grede;1189;0;0;0;
Zagrebačka;Varoška;1190;0;0;0;
Zagrebačka;Gaj;1191;0;0;0;
Zagrebačka;Vukojice;1192;0;0;0;
Zagrebačka;Krčevine;1193;0;0;0;
Zagrebačka;Topolje;1194;0;0;0;
Zagrebačka;Trebovec;1195;0;0;0;
Zagrebačka;Opatinec;1196;0;0;0;
Zagrebačka;Ivanić-grad;1197;0;0;0;
Zagrebačka;Kloštar Ivanić;1198;0;0;0;
Zagrebačka;Križ;1199;0;0;0;
Krapinsko-zagorska;Hum na Sutli;1200;0;0;0;
Krapinsko-zagorska;Desinič;1201;0;0;0;
Krapinsko-zagorska;Pregrada;1202;0;0;0;
Krapinsko-zagorska;Zagorska sela;1203;0;0;0;
Krapinsko-zagorska;Tuhelj;1204;0;0;0;
Krapinsko-zagorska;Klanjec;1205;0;0;0;
Krapinsko-zagorska;Kraljevec na Sutli;1206;0;0;0;
Krapinsko-zagorska;Đurmanec;1207;0;0;0;
Krapinsko-zagorska;Jesenje gornje;1208;0;0;0;
Krapinsko-zagorska;Petrovsko;1209;0;0;0;
Krapinsko-zagorska;Krapina;1210;0;0;0;
Krapinsko-zagorska;Radoboj;1211;0;0;0;
Krapinsko-zagorska;Škarićevo;1212;0;0;0;
Krapinsko-zagorska;Krapinske Toplice;1213;0;0;0;
Krapinsko-zagorska;Veliko Trgovišće;1214;0;0;0;
Krapinsko-zagorska;Sv. Križ Začretje;1215;0;0;0;
Krapinsko-zagorska;Zabok;1216;0;0;0;
Krapinsko-zagorska;Bedekovčina;1217;0;0;0;
Krapinsko-zagorska;Mihovljan;1218;0;0;0;
Krapinsko-zagorska;Lobor;1219;0;0;0;
Krapinsko-zagorska;Mače;1220;0;0;0;
Krapinsko-zagorska;Zlatar;1221;0;0;0;
Krapinsko-zagorska;Zlatar Bistrica;1222;0;0;0;
Krapinsko-zagorska;Budinščina;1223;0;0;0;
Krapinsko-zagorska;Hraščina Trgovišće;1224;0;0;0;
Krapinsko-zagorska;Konjščina;1225;0;0;0;
Krapinsko-zagorska;Oroslavje;1226;0;0;0;
Krapinsko-zagorska;Donja Stubica;1227;0;0;0;
Krapinsko-zagorska;Gornja Stubica;1228;0;0;0;
Krapinsko-zagorska;Marija Bistrica;1229;0;0;0;
Ličko-senjska;Jezerane;1230;0;0;0;
Ličko-senjska;Križ Kamenica;1231;0;0;0;
Ličko-senjska;Brinje;1232;0;0;0;
Ličko-senjska;Dabar;1233;0;0;0;
Ličko-senjska;Kompolje;1234;0;0;0;
Ličko-senjska;Otočac;1235;0;0;0;
Ličko-senjska;Sinac;1236;0;0;0;
Ličko-senjska;Vrhovine;1237;0;0;0;
Ličko-senjska;Perušić;1238;0;0;0;
Ličko-senjska;Pazarišta;1239;0;0;0;
Ličko-senjska;Lički Osik;1240;0;0;0;
Ličko-senjska;Smiljan;1241;0;0;0;
Ličko-senjska;Gospić;1242;0;0;0;
Ličko-senjska;Bilaj - Ribnik;1243;0;0;0;
Ličko-senjska;Mogorić;1244;0;0;0;
Ličko-senjska;Medak;1245;0;0;0;
Ličko-senjska;Novalja;1246;0;0;0;
Ličko-senjska;Baške Oštarije;1247;0;0;0;
Ličko-senjska;Lovinac;1248;0;0;0;
Ličko-senjska;Korenica;1249;0;0;0;
Ličko-senjska;Udbina;1250;0;0;0;
Ličko-senjska;Vaganac;1251;0;0;0;
Ličko-senjska;Donji Lapac;1252;0;0;0;
Virovitičko-podravska;Virovitica;1253;0;0;0;
Virovitičko-podravska;Špišić Bukovica;1254;0;0;0;
Virovitičko-podravska;Stari Gradac;1255;0;0;0;
Virovitičko-podravska;Pitomača;1256;0;0;0;
Virovitičko-podravska;Lukač;1257;0;0;0;
Virovitičko-podravska;Rušani;1258;0;0;0;
Virovitičko-podravska;Gradina;1259;0;0;0;
Virovitičko-podravska;Detkovac;1260;0;0;0;
Virovitičko-podravska;Suhopolje;1261;0;0;0;
Virovitičko-podravska;Pecka;1262;0;0;0;
Virovitičko-podravska;Gornji Miholjac;1263;0;0;0;
Virovitičko-podravska;Sopje;1264;0;0;0;
Virovitičko-podravska;Bakić;1265;0;0;0;
Virovitičko-podravska;Gornje Predrijevo;1266;0;0;0;
Virovitičko-podravska;Čadjavica;1267;0;0;0;
Virovitičko-podravska;Crnac;1268;0;0;0;
Virovitičko-podravska;Zdenci;1269;0;0;0;
Virovitičko-podravska;Orahovica;1270;0;0;0;
Virovitičko-podravska;Čačinci;1271;0;0;0;
Virovitičko-podravska;Humljani;1272;0;0;0;
Virovitičko-podravska;Nova Bukovica;1273;0;0;0;
Zadarska;Pag;1274;0;0;0;
Zadarska;Musapstan;1275;0;0;0;
Zadarska;Olib;1276;0;0;0;
Zadarska;Silba;1277;0;0;0;
Zadarska;Premuda;1278;0;0;0;
Zadarska;Molat;1279;0;0;0;
Zadarska;Škarda - Ist;1280;0;0;0;
Zadarska;Dugi otok istok;1281;0;0;0;
Zadarska;Dugi otok zapad - Zverinac;1282;0;0;0;
Zadarska;Sestrunj - Rivanj;1283;0;0;0;
Zadarska;Iž - Rava;1284;0;0;0;
Zadarska;Ugljan - jugoistok;1285;0;0;0;
Zadarska;Ugljan - sjeverozapad;1286;0;0;0;
Zadarska;Pašman - sjever;1287;0;0;0;
Zadarska;Vir;1288;0;0;0;
Zadarska;Blatski gaj;1289;0;0;0;
Zadarska;Križ;1290;0;0;0;
Zadarska;Biograd n/m;1291;0;0;0;
Zadarska;Nin;1292;0;0;0;
Zadarska;Ljubač;1293;0;0;0;
Zadarska;Posedarje;1294;0;0;0;
Zadarska;Novigrad;1295;0;0;0;
Zadarska;Poličnik;1296;0;0;0;
Zadarska;Bibinje - Zemunik donji;1297;0;0;0;
Zadarska;Benkovac - Smilčić;1298;0;0;0;
Zadarska;Polača;1299;0;0;0;
Zadarska;Lišane Ostrovičke;1300;0;0;0;
Zadarska;Pristeg;1301;0;0;0;
Zadarska;Zrmanja;1302;0;0;0;
Zadarska;Bukovica;1303;0;0;0;
Zadarska;Vrelo Zrmanje;1304;0;0;0;
Zadarska;Ljubovo;1305;0;0;0;
Zadarska;Veliki Urljaj;1306;0;0;0;
Zadarska;Una;1307;0;0;0;
Osječko-baranjska;Levanjska Varoš;1308;0;0;0;
Osječko-baranjska;Lapovci;1309;0;0;0;
Osječko-baranjska;Trnava;1310;0;0;0;
Osječko-baranjska;Selci Đakovački;1311;0;0;0;
Osječko-baranjska;Đakovo;1312;0;0;0;
Osječko-baranjska;Satnica Đakovačka;1313;0;0;0;
Osječko-baranjska;Gorjani;1314;0;0;0;
Osječko-baranjska;Potnjani;1315;0;0;0;
Osječko-baranjska;Drenje;1316;0;0;0;
Osječko-baranjska;Bračevci;1317;0;0;0;
Osječko-baranjska;Punitovci;1318;0;0;0;
Osječko-baranjska;Tomašanci - Ivanovci;1319;0;0;0;
Osječko-baranjska;Viškovci;1320;0;0;0;
Osječko-baranjska;Semeljci;1321;0;0;0;
Osječko-baranjska;Kešinci;1322;0;0;0;
Osječko-baranjska;Vrbica;1323;0;0;0;
Osječko-baranjska;Budrovci;1324;0;0;0;
Osječko-baranjska;Piškorevci;1325;0;0;0;
Osječko-baranjska;Strizivojna;1326;0;0;0;
Osječko-baranjska;Višnjevac;1327;0;0;0;
Osječko-baranjska;Josipovac;1328;0;0;0;
Osječko-baranjska;Čepin;1329;0;0;0;
Osječko-baranjska;Čepinski Martinci;1330;0;0;0;
Osječko-baranjska;Beketinci;1331;0;0;0;
Osječko-baranjska;Vuka;1332;0;0;0;
Osječko-baranjska;Vladislavci;1333;0;0;0;
Osječko-baranjska;Livana;1334;0;0;0;
Osječko-baranjska;Antunovac;1335;0;0;0;
Osječko-baranjska;Ernestinovo;1336;0;0;0;
Osječko-baranjska;Laslovo;1337;0;0;0;
Osječko-baranjska;Silaš;1338;0;0;0;
Osječko-baranjska;Osijek;1339;0;0;0;
Osječko-baranjska;Tenja;1340;0;0;0;
Osječko-baranjska;Sarvaš;1341;0;0;0;
Osječko-baranjska;Aljmaš;1342;0;0;0;
Osječko-baranjska;Dalj;1343;0;0;0;
Osječko-baranjska;Erdut;1344;0;0;0;
Osječko-baranjska;Koška;1345;0;0;0;
Osječko-baranjska;Moslavina Podravska;1346;0;0;0;
Osječko-baranjska;Donji Miholjac;1347;0;0;0;
Osječko-baranjska;Golinci;1348;0;0;0;
Osječko-baranjska;Magadenovac;1349;0;0;0;
Osječko-baranjska;Podravski Podgajci;1350;0;0;0;
Osječko-baranjska;Belišće;1351;0;0;0;
Osječko-baranjska;Zelčin;1352;0;0;0;
Osječko-baranjska;Valpovo;1353;0;0;0;
Osječko-baranjska;Ladimirevci;1354;0;0;0;
Osječko-baranjska;Bizovac;1355;0;0;0;
Osječko-baranjska;Habjanovci;1356;0;0;0;
Osječko-baranjska;Šag - Nard;1357;0;0;0;
Osječko-baranjska;Petrijevci;1358;0;0;0;
Osječko-baranjska;Baranjsko Petrovo Selo;1359;0;0;0;
Osječko-baranjska;Bolman;1360;0;0;0;
Osječko-baranjska;Jagodnjak;1361;0;0;0;
Osječko-baranjska;Darda;1362;0;0;0;
Osječko-baranjska;Bilje;1363;0;0;0;
Osječko-baranjska;Lug;1364;0;0;0;
Osječko-baranjska;Kneževi Vinogradi;1365;0;0;0;
Osječko-baranjska;Zmajevac;1366;0;0;0;
Osječko-baranjska;Karanac;1367;0;0;0;
Osječko-baranjska;Čeminac;1368;0;0;0;
Osječko-baranjska;Beli Manastir;1369;0;0;0;
Osječko-baranjska;Luč;1370;0;0;0;
Osječko-baranjska;Branjin Vrh;1371;0;0;0;
Osječko-baranjska;Popovac;1372;0;0;0;
Osječko-baranjska;Branjina;1373;0;0;0;
Osječko-baranjska;Duboševica;1374;0;0;0;
Osječko-baranjska;Batina;1375;0;0;0;
Osječko-baranjska;Topolje;1376;0;0;0;
Osječko-baranjska;Grabovac;1377;0;0;0;
Osječko-baranjska;Kučka - Zmajevac;1378;0;0;0;
Osječko-baranjska;Šaptinovci;1379;0;0;0;
Osječko-baranjska;Feričanci;1380;0;0;0;
Osječko-baranjska;Đurđenovac;1381;0;0;0;
Osječko-baranjska;Donja Motičina;1382;0;0;0;
Osječko-baranjska;Ribnjak;1383;0;0;0;
Osječko-baranjska;Jelisavac;1384;0;0;0;
Osječko-baranjska;Vukojevci;1385;0;0;0;
Osječko-baranjska;Podgorač;1386;0;0;0;
Osječko-baranjska;Budimci;1387;0;0;0;
Osječko-baranjska;Našice;1388;0;0;0;
Osječko-baranjska;Valenovac;1389;0;0;0;
Osječko-baranjska;Granice;1390;0;0;0;
Osječko-baranjska;Kopačevo;1391;0;0;0;
Osječko-baranjska;Vardarac;1392;0;0;0;
Osječko-baranjska;Marijanci;1393;0;0;0;
Šibensko-kninska;Rogoznica;1394;0;0;0;
Šibensko-kninska;Primošten;1395;0;0;0;
Šibensko-kninska;Šibenik;1396;0;0;0;
Šibensko-kninska;Dubrava;1397;0;0;0;
Šibensko-kninska;Perković;1398;0;0;0;
Šibensko-kninska;Lozovac;1399;0;0;0;
Šibensko-kninska;Srima;1400;0;0;0;
Šibensko-kninska;Vodice;1401;0;0;0;
Šibensko-kninska;Tribunj;1402;0;0;0;
Šibensko-kninska;Pirovac;1403;0;0;0;
Šibensko-kninska;Skradin;1404;0;0;0;
Šibensko-kninska;Trolokve;1405;0;0;0;
Šibensko-kninska;Unešić;1406;0;0;0;
Šibensko-kninska;Ružić;1407;0;0;0;
Šibensko-kninska;Siverić;1408;0;0;0;
Šibensko-kninska;Drniš;1409;0;0;0;
Šibensko-kninska;Pakovo selo - Pokrovnik;1410;0;0;0;
Šibensko-kninska;Sedramić;1411;0;0;0;
Šibensko-kninska;Oklaj;1412;0;0;0;
Šibensko-kninska;Otoci I;1413;0;0;0;
Šibensko-kninska;Otoci II;1414;0;0;0;
Šibensko-kninska;Bilice;1415;0;0;0;
Šibensko-kninska;Grebaštica;1416;0;0;0;
Šibensko-kninska;Knin;1417;0;0;0;
Šibensko-kninska;Oćestovo;1418;0;0;0;
Šibensko-kninska;Cetina;1419;0;0;0;
Šibensko-kninska;Kistanje;1420;0;0;0;
Istarska;Palud;1421;0;0;0;
Istarska;Buje;1422;0;0;0;
Istarska;Umag;1423;0;0;0;
Istarska;Novigrad;1424;0;0;0;
Istarska;Brtonigla;1425;0;0;0;
Istarska;Grožnjan;1426;0;0;0;
Istarska;Momjan;1427;0;0;0;
Istarska;Oprtalj;1428;0;0;0;
Istarska;Mirna;1429;0;0;0;
Istarska;Ćićarija;1430;0;0;0;
Istarska;Roč;1431;0;0;0;
Istarska;Labin;1432;0;0;0;
Istarska;Koromačno;1433;0;0;0;
Istarska;Vinež;1434;0;0;0;
Istarska;Kršan;1435;0;0;0;
Istarska;Pićan;1436;0;0;0;
Istarska;Tinjan;1437;0;0;0;
Istarska;Motovun;1438;0;0;0;
Istarska;Pazin;1439;0;0;0;
Istarska;Poreč;1440;0;0;0;
Istarska;Blatnica;1441;0;0;0;
Istarska;Dubrava;1442;0;0;0;
Istarska;Kontija;1443;0;0;0;
Istarska;Lovreč;1444;0;0;0;
Istarska;Pula I;1445;0;0;0;
Istarska;Pula II;1446;0;0;0;
Istarska;Ližnjan;1447;0;0;0;
Istarska;Marčana;1448;0;0;0;
Istarska;Krnica;1449;0;0;0;
Istarska;Barban;1450;0;0;0;
Istarska;Vodnjan;1451;0;0;0;
Istarska;Svetvinčenat;1452;0;0;0;
Istarska;Rovinj;1453;0;0;0;
Istarska;Bale;1454;0;0;0;
Istarska;Kanfanar;1455;0;0;0;
Istarska;Žminj;1456;0;0;0;
Istarska;Gračišće;1457;0;0;0;
Istarska;Cerovlje;1458;0;0;0;
Istarska;Lupoglav;1459;0;0;0;
Međimurska;Kotoriba;1460;0;0;0;
Međimurska;D. Vidovec;1461;0;0;0;
Međimurska;Draškovec;1462;0;0;0;
Međimurska;Goričan;1463;0;0;0;
Međimurska;Hodošan;1464;0;0;0;
Međimurska;Prelog;1465;0;0;0;
Međimurska;Domašinec;1466;0;0;0;
Međimurska;Dekanovec-Podturen;1467;0;0;0;
Međimurska;M. Subotica;1468;0;0;0;
Međimurska;Čakovec I;1469;0;0;0;
Međimurska;Nedelišće;1470;0;0;0;
Međimurska;Macinec;1471;0;0;0;
Međimurska;G. Mihaljevec;1472;0;0;0;
Međimurska;Štrigova;1473;0;0;0;
Međimurska;Sv. Martin;1474;0;0;0;
Međimurska;M. Središće;1475;0;0;0;
Međimurska;Vratišinec;1476;0;0;0;
Međimurska;Čakovec II;1477;0;0;0;
Međimurska;Selnica;1478;0;0;0;
Međimurska;Čakovec III;1479;0;0;0;
